,timestamp,pv_yield_power,household_consumption
0,2023-06-03 00:00:00,0.0,3373.81799443563
1,2023-06-03 00:05:00,0.0,3327.4973360697427
2,2023-06-03 00:10:00,0.0,3282.9710027058923
3,2023-06-03 00:15:00,0.0,3281.6983383178663
4,2023-06-03 00:20:00,0.0,3392.7083391825336
5,2023-06-03 00:25:00,0.0,3393.9976679484043
6,2023-06-03 00:30:00,0.0,3239.5203308105465
7,2023-06-03 00:35:00,0.0,3204.672666676839
8,2023-06-03 00:40:00,0.0,3235.5686696370444
9,2023-06-03 00:45:00,0.0,3322.15267486572
10,2023-06-03 00:50:00,0.0,3293.529336547852
11,2023-06-03 00:55:00,0.0,3304.1006607055665
12,2023-06-03 01:00:00,0.0,3485.2549985249843
13,2023-06-03 01:05:00,0.0,3443.850335947669
14,2023-06-03 01:10:00,0.0,3468.914664967854
15,2023-06-03 01:15:00,0.0,3479.575328063967
16,2023-06-03 01:20:00,0.0,3517.4589950561544
17,2023-06-03 01:25:00,0.0,3277.9963284810374
18,2023-06-03 01:30:00,0.0,3257.001994323732
19,2023-06-03 01:35:00,0.0,3351.8933390299467
20,2023-06-03 01:40:00,0.0,3429.6570027669236
21,2023-06-03 01:45:00,0.0,3286.776335144042
22,2023-06-03 01:50:00,0.0,3231.6213292439747
23,2023-06-03 01:55:00,0.0,3208.168671417236
24,2023-06-03 02:00:00,0.0,3220.720991770424
25,2023-06-03 02:05:00,0.0,3117.995004018147
26,2023-06-03 02:10:00,0.0,3198.918345642089
27,2023-06-03 02:15:00,0.0,3209.6870012919117
28,2023-06-03 02:20:00,0.0,3228.1626691182446
29,2023-06-03 02:25:00,0.0,3231.3890012105335
30,2023-06-03 02:30:00,0.0,3179.959660847981
31,2023-06-03 02:35:00,0.0,3234.4496658325183
32,2023-06-03 02:40:00,0.0,3117.141329447428
33,2023-06-03 02:45:00,0.0,3003.122658030191
34,2023-06-03 02:50:00,0.0,3091.6696711222353
35,2023-06-03 02:55:00,0.0,3145.799998728435
36,2023-06-03 03:00:00,0.0,3137.7153322855643
37,2023-06-03 03:05:00,0.0,3042.2979988098155
38,2023-06-03 03:10:00,0.0,2866.4763381958014
39,2023-06-03 03:15:00,0.0,2916.458003997802
40,2023-06-03 03:20:00,0.0,3025.491328430178
41,2023-06-03 03:25:00,0.0,2968.6009941101092
42,2023-06-03 03:30:00,34.766666666666666,2781.3913332621237
43,2023-06-03 03:35:00,104.76666666666667,2939.373000335689
44,2023-06-03 03:40:00,174.76666666666668,2944.1193311055476
45,2023-06-03 03:45:00,299.4,2929.1946655273427
46,2023-06-03 03:50:00,479.4,2958.9413289388035
47,2023-06-03 03:55:00,659.4,3186.1756627400755
48,2023-06-03 04:00:00,966.05,3358.6220057169553
49,2023-06-03 04:05:00,1401.05,3241.935331471761
50,2023-06-03 04:10:00,1836.05,3144.017994944256
51,2023-06-03 04:15:00,2675.8333333333335,3036.786333465579
52,2023-06-03 04:20:00,3925.8333333333335,3814.673653157554
53,2023-06-03 04:25:00,5175.833333333333,3201.1309997558574
54,2023-06-03 04:30:00,6170.05,3236.1686678568512
55,2023-06-03 04:35:00,6905.05,3490.500997924808
56,2023-06-03 04:40:00,7640.05,3796.156994120272
57,2023-06-03 04:45:00,8235.983333333334,3301.7283353169746
58,2023-06-03 04:50:00,8690.983333333334,3629.7423339843785
59,2023-06-03 04:55:00,9145.983333333334,3601.719330088293
60,2023-06-03 05:00:00,9531.45,3409.2739974975566
61,2023-06-03 05:05:00,9846.45,3072.0656664530443
62,2023-06-03 05:10:00,10161.45,3494.1653340657554
63,2023-06-03 05:15:00,10804.25,3659.155000559489
64,2023-06-03 05:20:00,11779.25,3912.37000554402
65,2023-06-03 05:25:00,12754.25,4034.4336552937907
66,2023-06-03 05:30:00,13485.883333333333,3842.43432973226
67,2023-06-03 05:35:00,13970.883333333333,4569.522666676838
68,2023-06-03 05:40:00,14455.883333333333,4828.5543355305945
69,2023-06-03 05:45:00,14712.416666666666,5643.672009531661
70,2023-06-03 05:50:00,14737.416666666666,5473.832000223794
71,2023-06-03 05:55:00,14762.416666666666,3372.400988769534
72,2023-06-03 06:00:00,15296.5,4161.753337351475
73,2023-06-03 06:05:00,16346.5,4888.712332916257
74,2023-06-03 06:10:00,17396.5,5001.043340047209
75,2023-06-03 06:15:00,18163.4,4413.129660542815
76,2023-06-03 06:20:00,18643.4,3501.7533315022783
77,2023-06-03 06:25:00,19123.4,3613.6763371785487
78,2023-06-03 06:30:00,19682.866666666665,3592.162002309162
79,2023-06-03 06:35:00,20322.866666666665,4434.4870010376
80,2023-06-03 06:40:00,20962.866666666665,4100.694340769453
81,2023-06-03 06:45:00,21587.966666666667,5192.387994893394
82,2023-06-03 06:50:00,22197.966666666667,5430.091333516441
83,2023-06-03 06:55:00,22807.966666666667,4461.44398854574
84,2023-06-03 07:00:00,23408.033333333333,4620.202319590255
85,2023-06-03 07:05:00,23998.033333333333,4376.8473286946555
86,2023-06-03 07:10:00,24588.033333333333,4375.95767186482
87,2023-06-03 07:15:00,25245.083333333332,4741.680007680261
88,2023-06-03 07:20:00,25970.083333333332,4925.6633394877
89,2023-06-03 07:25:00,26695.083333333332,6667.060339355469
90,2023-06-03 07:30:00,27420.083333333332,7291.94900258381
91,2023-06-03 07:35:00,28145.083333333332,5945.053353118896
92,2023-06-03 07:40:00,28870.083333333332,5419.0226557413735
93,2023-06-03 07:45:00,29460.983333333334,4855.044327036545
94,2023-06-03 07:50:00,29915.983333333334,6221.998001098641
95,2023-06-03 07:55:00,30370.983333333334,5835.119340260827
96,2023-06-03 08:00:00,30883.1,4707.3899904886875
97,2023-06-03 08:05:00,31453.1,5013.997334543853
98,2023-06-03 08:10:00,32023.1,6551.268987528481
99,2023-06-03 08:15:00,32595.583333333332,7754.224693044046
100,2023-06-03 08:20:00,33170.583333333336,8158.238346354154
101,2023-06-03 08:25:00,33745.583333333336,6807.0856925964235
102,2023-06-03 08:30:00,34246.083333333336,6302.00797958374
103,2023-06-03 08:35:00,34671.083333333336,4255.274332427969
104,2023-06-03 08:40:00,35096.083333333336,4520.051993815108
105,2023-06-03 08:45:00,35478.86666666667,4966.671991984051
106,2023-06-03 08:50:00,35818.86666666667,4585.310003407797
107,2023-06-03 08:55:00,36158.86666666667,4817.474337005615
108,2023-06-03 09:00:00,36538.6,4492.96233444214
109,2023-06-03 09:05:00,36958.6,4292.551993560793
110,2023-06-03 09:10:00,37378.6,4392.575667063397
111,2023-06-03 09:15:00,37743.96666666667,4767.846667226154
112,2023-06-03 09:20:00,38053.96666666667,5602.617311350505
113,2023-06-03 09:25:00,38363.96666666667,6901.637337748213
114,2023-06-03 09:30:00,38788.2,7621.43164698283
115,2023-06-03 09:35:00,39328.2,7412.248332468672
116,2023-06-03 09:40:00,39868.2,5961.741325887041
117,2023-06-03 09:45:00,39993.48333333333,4616.233996073407
118,2023-06-03 09:50:00,39698.48333333333,5390.23099594116
119,2023-06-03 09:55:00,39403.48333333333,6168.744343566902
120,2023-06-03 10:00:00,38179.71666666667,6276.202659352626
121,2023-06-03 10:05:00,36014.71666666667,7622.6646588643425
122,2023-06-03 10:10:00,33849.71666666667,7406.560672760006
123,2023-06-03 10:15:00,33964.416666666664,6535.364013163248
124,2023-06-03 10:20:00,36389.416666666664,4505.068342081708
125,2023-06-03 10:25:00,38814.416666666664,4319.21599400839
126,2023-06-03 10:30:00,38468.01666666667,3884.7846588134794
127,2023-06-03 10:35:00,35313.01666666667,3955.552339172364
128,2023-06-03 10:40:00,32158.016666666666,4373.214333343508
129,2023-06-03 10:45:00,32191.616666666665,4568.811325073245
130,2023-06-03 10:50:00,35456.61666666667,6318.483656565345
131,2023-06-03 10:55:00,38721.61666666667,5613.434341430652
132,2023-06-03 11:00:00,39031.45,7157.336664072668
133,2023-06-03 11:05:00,36346.45,6955.722657775886
134,2023-06-03 11:10:00,33661.45,5123.361689249668
135,2023-06-03 11:15:00,32590.616666666665,4707.03899841309
136,2023-06-03 11:20:00,33155.61666666667,4819.057669067382
137,2023-06-03 11:25:00,33720.61666666667,4618.867673238118
138,2023-06-03 11:30:00,35552.11666666667,4688.350337727868
139,2023-06-03 11:35:00,38667.11666666667,6915.492365519211
140,2023-06-03 11:40:00,41782.11666666667,8097.697342427564
141,2023-06-03 11:45:00,42662.11666666667,6945.682330830893
142,2023-06-03 11:50:00,41277.11666666667,6159.8649988810275
143,2023-06-03 11:55:00,39892.11666666667,6817.581672668457
144,2023-06-03 12:00:00,37322.566666666666,5977.421024068194
145,2023-06-03 12:05:00,33552.566666666666,5263.474998728435
146,2023-06-03 12:10:00,29782.566666666666,4646.5306737264
147,2023-06-03 12:15:00,25754.3,6566.798352813718
148,2023-06-03 12:20:00,21464.3,4648.903999837241
149,2023-06-03 12:25:00,17174.3,4499.591993459067
150,2023-06-03 12:30:00,18357.566666666666,4459.7623357137045
151,2023-06-03 12:35:00,25087.566666666666,3681.1356714884437
152,2023-06-03 12:40:00,31817.566666666666,4818.65397847493
153,2023-06-03 12:45:00,35828.316666666666,4864.267012023918
154,2023-06-03 12:50:00,37083.316666666666,4377.674662017821
155,2023-06-03 12:55:00,38338.316666666666,5796.683998107913
156,2023-06-03 13:00:00,34673.833333333336,4994.521347554519
157,2023-06-03 13:05:00,26023.833333333332,5220.264351908365
158,2023-06-03 13:10:00,17373.833333333332,4727.833998616535
159,2023-06-03 13:15:00,12893.35,5785.587013244631
160,2023-06-03 13:20:00,12638.35,6215.812994384774
161,2023-06-03 13:25:00,12383.35,6237.992675781251
162,2023-06-03 13:30:00,14748.266666666666,5482.194003295899
163,2023-06-03 13:35:00,19768.266666666666,4358.9346590677815
164,2023-06-03 13:40:00,24788.266666666666,5582.524648030596
165,2023-06-03 13:45:00,25333.3,6027.046983591717
166,2023-06-03 13:50:00,21343.3,4912.883992767337
167,2023-06-03 13:55:00,17353.3,4219.928334045408
168,2023-06-03 14:00:00,18382.116666666665,4589.412001546217
169,2023-06-03 14:05:00,24497.116666666665,5913.167339070645
170,2023-06-03 14:10:00,30612.116666666665,7039.605668640146
171,2023-06-03 14:15:00,30948.4,6332.067670694978
172,2023-06-03 14:20:00,25428.4,6086.001998138428
173,2023-06-03 14:25:00,19908.4,3674.1543345133477
174,2023-06-03 14:30:00,19886.5,4238.258332316079
175,2023-06-03 14:35:00,25436.5,5977.238988749196
176,2023-06-03 14:40:00,30986.5,6063.897324625641
177,2023-06-03 14:45:00,33355.35,5124.320674641918
178,2023-06-03 14:50:00,32500.35,4175.339004262287
179,2023-06-03 14:55:00,31645.35,4142.883325195313
180,2023-06-03 15:00:00,31016.333333333332,7323.48467051189
181,2023-06-03 15:05:00,30616.333333333332,8621.058649444582
182,2023-06-03 15:10:00,30216.333333333332,8204.847995503751
183,2023-06-03 15:15:00,29369.333333333332,7742.778671773271
184,2023-06-03 15:20:00,28069.333333333332,7397.691015624989
185,2023-06-03 15:25:00,26769.333333333332,5634.755988566089
186,2023-06-03 15:30:00,24992.533333333333,5904.013661193853
187,2023-06-03 15:35:00,22732.533333333333,6168.884332784014
188,2023-06-03 15:40:00,20472.533333333333,4960.736678568519
189,2023-06-03 15:45:00,19948.383333333335,4866.73368123372
190,2023-06-03 15:50:00,21183.383333333335,4844.432660929356
191,2023-06-03 15:55:00,22418.383333333335,6753.570637003576
192,2023-06-03 16:00:00,22456.416666666668,6969.242013295487
193,2023-06-03 16:05:00,21281.416666666668,6933.203334299721
194,2023-06-03 16:10:00,20106.416666666668,6989.52398503621
195,2023-06-03 16:15:00,17530.816666666666,7701.638332875571
196,2023-06-03 16:20:00,13535.816666666668,7899.360342407221
197,2023-06-03 16:25:00,9540.816666666668,7624.575352478012
198,2023-06-03 16:30:00,7217.1,5977.7466751098655
199,2023-06-03 16:35:00,6587.1,6129.44765879313
200,2023-06-03 16:40:00,5957.1,5419.201641845707
201,2023-06-03 16:45:00,5731.883333333333,4524.380335998538
202,2023-06-03 16:50:00,5916.883333333333,4489.128336588543
203,2023-06-03 16:55:00,6101.883333333333,4541.002667236329
204,2023-06-03 17:00:00,5909.416666666667,4724.517330932619
205,2023-06-03 17:05:00,5334.416666666667,4780.309663391113
206,2023-06-03 17:10:00,4759.416666666667,4815.296336364746
207,2023-06-03 17:15:00,4199.316666666667,4980.467009480793
208,2023-06-03 17:20:00,3654.3166666666666,4702.158339436849
209,2023-06-03 17:25:00,3109.3166666666666,5131.450663248696
210,2023-06-03 17:30:00,2753.05,5368.061993408203
211,2023-06-03 17:35:00,2588.05,4657.0226506551135
212,2023-06-03 17:40:00,2423.05,4677.083672332764
213,2023-06-03 17:45:00,2270.4666666666667,4930.154332478841
214,2023-06-03 17:50:00,2130.4666666666667,4835.312005869546
215,2023-06-03 17:55:00,1990.4666666666667,4854.604338328044
216,2023-06-03 18:00:00,1855.4333333333334,4957.551986440021
217,2023-06-03 18:05:00,1725.4333333333334,5100.214332580565
218,2023-06-03 18:10:00,1595.4333333333334,5114.261663564046
219,2023-06-03 18:15:00,1455.5,4965.291668955492
220,2023-06-03 18:20:00,1305.5,4931.94966100057
221,2023-06-03 18:25:00,1155.5,4812.650329589841
222,2023-06-03 18:30:00,1022.8833333333333,4938.353000895179
223,2023-06-03 18:35:00,907.8833333333333,5057.324011230469
224,2023-06-03 18:40:00,792.8833333333333,7092.381336975095
225,2023-06-03 18:45:00,670.4333333333333,7676.434679412851
226,2023-06-03 18:50:00,540.4333333333333,7501.640683746334
227,2023-06-03 18:55:00,410.43333333333334,7685.170673878979
228,2023-06-03 19:00:00,307.75,7359.234344482425
229,2023-06-03 19:05:00,232.75,6279.787013753254
230,2023-06-03 19:10:00,157.75,5158.688349405926
231,2023-06-03 19:15:00,100.13333333333334,5096.727681986491
232,2023-06-03 19:20:00,60.13333333333333,5622.388653818766
233,2023-06-03 19:25:00,20.133333333333333,5811.572675832111
234,2023-06-03 19:30:00,0.0,5282.354331207277
235,2023-06-03 19:35:00,0.0,6857.793650817876
236,2023-06-03 19:40:00,0.0,5171.162335968015
237,2023-06-03 19:45:00,0.0,5246.254670206704
238,2023-06-03 19:50:00,0.0,4909.161340332031
239,2023-06-03 19:55:00,0.0,4931.964328002931
240,2023-06-03 20:00:00,0.0,5006.826985931397
241,2023-06-03 20:05:00,0.0,4958.048993174235
242,2023-06-03 20:10:00,0.0,4722.299999237063
243,2023-06-03 20:15:00,0.0,4556.068996175129
244,2023-06-03 20:20:00,0.0,4730.760335032148
245,2023-06-03 20:25:00,0.0,4794.28433227539
246,2023-06-03 20:30:00,0.0,4791.675349680581
247,2023-06-03 20:35:00,0.0,4644.81866607666
248,2023-06-03 20:40:00,0.0,4608.20399424235
249,2023-06-03 20:45:00,0.0,4405.348334757487
250,2023-06-03 20:50:00,0.0,4338.567328135172
251,2023-06-03 20:55:00,0.0,4305.680341339112
252,2023-06-03 21:00:00,0.0,4361.542997487389
253,2023-06-03 21:05:00,0.0,4446.603341674807
254,2023-06-03 21:10:00,0.0,4430.306661987307
255,2023-06-03 21:15:00,0.0,4299.016672261551
256,2023-06-03 21:20:00,0.0,4308.838669586182
257,2023-06-03 21:25:00,0.0,4317.789989980062
258,2023-06-03 21:30:00,0.0,4160.240686543781
259,2023-06-03 21:35:00,0.0,4268.645340220132
260,2023-06-03 21:40:00,0.0,4265.947996266686
261,2023-06-03 21:45:00,0.0,4373.854993693033
262,2023-06-03 21:50:00,0.0,4258.595334625243
263,2023-06-03 21:55:00,0.0,4356.807658894855
264,2023-06-03 22:00:00,0.0,4067.4809926350895
265,2023-06-03 22:05:00,0.0,3985.2756612141893
266,2023-06-03 22:10:00,0.0,4020.5146652221674
267,2023-06-03 22:15:00,0.0,4001.4596636454266
268,2023-06-03 22:20:00,0.0,3917.0110010782896
269,2023-06-03 22:25:00,0.0,3921.3183347066215
270,2023-06-03 22:30:00,0.0,3684.912669118245
271,2023-06-03 22:35:00,0.0,3567.8926645914717
272,2023-06-03 22:40:00,0.0,3493.7050015767427
273,2023-06-03 22:45:00,0.0,3534.5270083109526
274,2023-06-03 22:50:00,0.0,3728.7913299560555
275,2023-06-03 22:55:00,0.0,3813.2540064493787
276,2023-06-03 23:00:00,0.0,3486.7993362426737
277,2023-06-03 23:05:00,0.0,3344.0499954223637
278,2023-06-03 23:10:00,0.0,3430.039000447592
279,2023-06-03 23:15:00,0.0,3243.398998769125
280,2023-06-03 23:20:00,0.0,3277.8803316752073
281,2023-06-03 23:25:00,0.0,3482.004667917888
282,2023-06-03 23:30:00,0.0,3458.3519971211745
283,2023-06-03 23:35:00,0.0,3349.4876736958827
284,2023-06-03 23:40:00,0.0,3310.524329121908
285,2023-06-03 23:45:00,0.0,3240.6763384501123
286,2023-06-03 23:50:00,0.0,3391.970665486652
287,2023-06-03 23:55:00,0.0,3448.6289988199883
288,2023-06-04 00:00:00,0.0,3384.6819976806637
289,2023-06-04 00:05:00,0.0,3357.3180056254073
290,2023-06-04 00:10:00,0.0,3512.269007873537
291,2023-06-04 00:15:00,0.0,3242.809338633216
292,2023-06-04 00:20:00,0.0,3009.920329030357
293,2023-06-04 00:25:00,0.0,3082.619335174562
294,2023-06-04 00:30:00,0.0,3181.365997314453
295,2023-06-04 00:35:00,0.0,3064.1936658223476
296,2023-06-04 00:40:00,0.0,3111.453333282467
297,2023-06-04 00:45:00,0.0,3202.8706687927274
298,2023-06-04 00:50:00,0.0,3149.8550010681165
299,2023-06-04 00:55:00,0.0,3138.6853302001923
300,2023-06-04 01:00:00,0.0,3079.5823384602863
301,2023-06-04 01:05:00,0.0,3177.9823410034182
302,2023-06-04 01:10:00,0.0,3386.9556640625
303,2023-06-04 01:15:00,0.0,3356.7756627400713
304,2023-06-04 01:20:00,0.0,3321.9519955952956
305,2023-06-04 01:25:00,0.0,3249.0766667683897
306,2023-06-04 01:30:00,0.0,3189.276001739502
307,2023-06-04 01:35:00,0.0,3424.9949933369976
308,2023-06-04 01:40:00,0.0,3406.1663393656395
309,2023-06-04 01:45:00,0.0,3286.622336324057
310,2023-06-04 01:50:00,0.0,3227.6099960327138
311,2023-06-04 01:55:00,0.0,3265.4506581624373
312,2023-06-04 02:00:00,0.0,3127.9776674906416
313,2023-06-04 02:05:00,0.0,3014.3793360392283
314,2023-06-04 02:10:00,0.0,2959.6003412882487
315,2023-06-04 02:15:00,0.0,3001.0093317667643
316,2023-06-04 02:20:00,0.0,2879.1343299865716
317,2023-06-04 02:25:00,0.0,3079.0820048014325
318,2023-06-04 02:30:00,0.0,3062.443996175131
319,2023-06-04 02:35:00,0.0,2970.3143231709787
320,2023-06-04 02:40:00,0.0,3052.9756718953454
321,2023-06-04 02:45:00,0.0,3232.846334838867
322,2023-06-04 02:50:00,0.0,3143.7306645711255
323,2023-06-04 02:55:00,0.0,3407.05832901001
324,2023-06-04 03:00:00,0.0,3810.6906667073563
325,2023-06-04 03:05:00,0.0,3722.880321248378
326,2023-06-04 03:10:00,0.0,3269.8480049133327
327,2023-06-04 03:15:00,7.45,3221.0393310546874
328,2023-06-04 03:20:00,22.45,3334.087671915688
329,2023-06-04 03:25:00,37.45,3327.7616676330563
330,2023-06-04 03:30:00,119.5,3235.4113316853845
331,2023-06-04 03:35:00,269.5,3172.6579991658505
332,2023-06-04 03:40:00,419.5,3078.113000488286
333,2023-06-04 03:45:00,845.15,3159.9820050557432
334,2023-06-04 03:50:00,1550.15,3020.1450078328476
335,2023-06-04 03:55:00,2255.15,3226.8533302307137
336,2023-06-04 04:00:00,3042.1,3300.1583295186397
337,2023-06-04 04:05:00,3912.1,3600.039664459231
338,2023-06-04 04:10:00,4782.1,3300.5879943847626
339,2023-06-04 04:15:00,5629.75,4350.090345001215
340,2023-06-04 04:20:00,6454.75,3732.715327453607
341,2023-06-04 04:25:00,7279.75,3559.6633308410596
342,2023-06-04 04:30:00,7943.333333333333,3929.3603446960487
343,2023-06-04 04:35:00,8443.333333333334,4143.05732192994
344,2023-06-04 04:40:00,8943.333333333334,3537.5140040079714
345,2023-06-04 04:45:00,9468.166666666666,3498.1279983520503
346,2023-06-04 04:50:00,10018.166666666666,3838.7896723429394
347,2023-06-04 04:55:00,10568.166666666666,4227.080671946212
348,2023-06-04 05:00:00,11105.75,3769.9960021972674
349,2023-06-04 05:05:00,11630.75,3686.329674530025
350,2023-06-04 05:10:00,12155.75,4030.069671122234
351,2023-06-04 05:15:00,12655.916666666666,3872.599334971112
352,2023-06-04 05:20:00,13130.916666666666,3472.2329986572267
353,2023-06-04 05:25:00,13605.916666666666,3326.085667165121
354,2023-06-04 05:30:00,14063.533333333333,3172.5049975077277
355,2023-06-04 05:35:00,14503.533333333333,4029.7329978942926
356,2023-06-04 05:40:00,14943.533333333333,3541.8766662597686
357,2023-06-04 05:45:00,15371.116666666667,4182.642668914793
358,2023-06-04 05:50:00,15786.116666666667,3954.6233342488645
359,2023-06-04 05:55:00,16201.116666666667,3211.931001281739
360,2023-06-04 06:00:00,16648.4,3148.8953407287604
361,2023-06-04 06:05:00,17128.4,3283.707335408527
362,2023-06-04 06:10:00,17608.4,4102.12336908976
363,2023-06-04 06:15:00,18110.75,5093.444992319741
364,2023-06-04 06:20:00,18635.75,5230.662673187255
365,2023-06-04 06:25:00,19160.75,3082.8570002237957
366,2023-06-04 06:30:00,19725.483333333334,4497.760991160074
367,2023-06-04 06:35:00,20330.483333333334,4452.223350016277
368,2023-06-04 06:40:00,20935.483333333334,4677.168999735512
369,2023-06-04 06:45:00,21562.833333333332,3759.3669909159266
370,2023-06-04 06:50:00,22212.833333333332,3190.0540033976267
371,2023-06-04 06:55:00,22862.833333333332,4629.34000269573
372,2023-06-04 07:00:00,23574.916666666668,3907.2260075887066
373,2023-06-04 07:05:00,24349.916666666668,4198.256324513747
374,2023-06-04 07:10:00,25124.916666666668,4234.57334823608
375,2023-06-04 07:15:00,25822.933333333334,6424.606686401365
376,2023-06-04 07:20:00,26442.933333333334,5732.413008626302
377,2023-06-04 07:25:00,27062.933333333334,6443.621676381427
378,2023-06-04 07:30:00,27687.9,4067.8576718648296
379,2023-06-04 07:35:00,28317.9,3511.3879981994623
380,2023-06-04 07:40:00,28947.9,3696.0203386942517
381,2023-06-04 07:45:00,29553.066666666666,3793.6660069783534
382,2023-06-04 07:50:00,30133.066666666666,3669.0853271484384
383,2023-06-04 07:55:00,30713.066666666666,3804.2903307596853
384,2023-06-04 08:00:00,31263.266666666666,4351.8663307189945
385,2023-06-04 08:05:00,31783.266666666666,7014.69333394369
386,2023-06-04 08:10:00,32303.266666666666,6757.238341522224
387,2023-06-04 08:15:00,32813.333333333336,5071.495992024746
388,2023-06-04 08:20:00,33313.333333333336,4246.600990804033
389,2023-06-04 08:25:00,33813.333333333336,3629.877661895752
390,2023-06-04 08:30:00,34276.083333333336,3631.517995961506
391,2023-06-04 08:35:00,34701.083333333336,3432.9076700846326
392,2023-06-04 08:40:00,35126.083333333336,3303.3339937845876
393,2023-06-04 08:45:00,35556.05,3452.8933344523143
394,2023-06-04 08:50:00,35991.05,3801.335995992029
395,2023-06-04 08:55:00,36426.05,3489.866328430176
396,2023-06-04 09:00:00,36813.86666666667,3710.866667175295
397,2023-06-04 09:05:00,37153.86666666667,3207.8913312276204
398,2023-06-04 09:10:00,37493.86666666667,3143.571664174402
399,2023-06-04 09:15:00,37846.28333333333,3075.2283393859857
400,2023-06-04 09:20:00,38211.28333333333,3117.286003621421
401,2023-06-04 09:25:00,38576.28333333333,3136.8480066935235
402,2023-06-04 09:30:00,38894.1,3255.555333709717
403,2023-06-04 09:35:00,39164.1,3390.2369834899937
404,2023-06-04 09:40:00,39434.1,3694.5846715291323
405,2023-06-04 09:45:00,39706.583333333336,3636.8723271687804
406,2023-06-04 09:50:00,39981.583333333336,3645.912336222333
407,2023-06-04 09:55:00,40256.583333333336,3606.4996699015296
408,2023-06-04 10:00:00,40491.85,3585.4633366902654
409,2023-06-04 10:05:00,40686.85,4097.035667928066
410,2023-06-04 10:10:00,40881.85,5317.72599741618
411,2023-06-04 10:15:00,41094.23333333333,8137.261995951333
412,2023-06-04 10:20:00,41324.23333333333,6017.141321309412
413,2023-06-04 10:25:00,41554.23333333333,5937.261011759436
414,2023-06-04 10:30:00,41684.9,6506.1243367513
415,2023-06-04 10:35:00,41714.9,5495.329985046391
416,2023-06-04 10:40:00,41744.9,6502.4893163045335
417,2023-06-04 10:45:00,41675.566666666666,4092.38366394043
418,2023-06-04 10:50:00,41505.566666666666,3776.6946594238293
419,2023-06-04 10:55:00,41335.566666666666,3736.702668762207
420,2023-06-04 11:00:00,39720.26666666667,3808.8926706949865
421,2023-06-04 11:05:00,36640.26666666667,4112.79833780924
422,2023-06-04 11:10:00,33560.26666666667,4948.63568318685
423,2023-06-04 11:15:00,31371.783333333333,5949.717329406737
424,2023-06-04 11:20:00,30086.783333333333,4474.178310648598
425,2023-06-04 11:25:00,28801.783333333333,4762.471642812097
426,2023-06-04 11:30:00,28172.383333333335,4732.298016866052
427,2023-06-04 11:35:00,28207.383333333335,4388.907988230392
428,2023-06-04 11:40:00,28242.383333333335,4347.374325561514
429,2023-06-04 11:45:00,30480.1,3982.495338185629
430,2023-06-04 11:50:00,34950.1,3872.1376647949223
431,2023-06-04 11:55:00,39420.1,4470.460000610351
432,2023-06-04 12:00:00,39708.166666666664,4998.285341389977
433,2023-06-04 12:05:00,35758.166666666664,5004.861001586909
434,2023-06-04 12:10:00,31808.166666666668,4746.480334981287
435,2023-06-04 12:15:00,32032.65,7173.886326599121
436,2023-06-04 12:20:00,36487.65,5865.454678853352
437,2023-06-04 12:25:00,40942.65,4673.603672281902
438,2023-06-04 12:30:00,41816.683333333334,4524.319671122229
439,2023-06-04 12:35:00,39061.683333333334,5340.1023498535205
440,2023-06-04 12:40:00,36306.683333333334,5772.238670349124
441,2023-06-04 12:45:00,34602.13333333333,5685.493325805665
442,2023-06-04 12:50:00,33962.13333333333,6937.719352213553
443,2023-06-04 12:55:00,33322.13333333333,5376.344663492838
444,2023-06-04 13:00:00,33546.333333333336,8104.750986735035
445,2023-06-04 13:05:00,34646.333333333336,8336.017006429047
446,2023-06-04 13:10:00,35746.333333333336,8038.294020589194
447,2023-06-04 13:15:00,36039.25,6181.41233520508
448,2023-06-04 13:20:00,35514.25,8724.260322062177
449,2023-06-04 13:25:00,34989.25,7268.713665771491
450,2023-06-04 13:30:00,34978.3,6409.262668355308
451,2023-06-04 13:35:00,35488.3,4612.874675496418
452,2023-06-04 13:40:00,35998.3,6368.652339172366
453,2023-06-04 13:45:00,36331.98333333333,4788.710326385498
454,2023-06-04 13:50:00,36486.98333333333,6258.424334716797
455,2023-06-04 13:55:00,36641.98333333333,5283.437997182196
456,2023-06-04 14:00:00,33690.333333333336,5831.922336324051
457,2023-06-04 14:05:00,27590.333333333332,4599.559003194174
458,2023-06-04 14:10:00,21490.333333333332,5181.026012674977
459,2023-06-04 14:15:00,18092.2,5445.302318318688
460,2023-06-04 14:20:00,17432.2,4555.521674092613
461,2023-06-04 14:25:00,16772.2,4374.351000976562
462,2023-06-04 14:30:00,18963.066666666666,5367.727998860666
463,2023-06-04 14:35:00,24043.066666666666,5381.822999064131
464,2023-06-04 14:40:00,29123.066666666666,5054.548999023431
465,2023-06-04 14:45:00,31535.966666666667,5426.697661336259
466,2023-06-04 14:50:00,31245.966666666667,5439.012995402022
467,2023-06-04 14:55:00,30955.966666666667,5414.236333719875
468,2023-06-04 15:00:00,30318.3,6402.5370028177995
469,2023-06-04 15:05:00,29328.3,5836.636987559007
470,2023-06-04 15:10:00,28338.3,6762.603028106684
471,2023-06-04 15:15:00,27601.6,6622.594663492845
472,2023-06-04 15:20:00,27121.6,7162.432985941583
473,2023-06-04 15:25:00,26641.6,7765.9833618164175
474,2023-06-04 15:30:00,25868.566666666666,7209.615356953937
475,2023-06-04 15:35:00,24798.566666666666,7099.386046346029
476,2023-06-04 15:40:00,23728.566666666666,5577.13332672119
477,2023-06-04 15:45:00,22976.433333333334,5682.923679351815
478,2023-06-04 15:50:00,22546.433333333334,6975.89335072836
479,2023-06-04 15:55:00,22116.433333333334,7346.664670562742
480,2023-06-04 16:00:00,21557.3,7928.09265823364
481,2023-06-04 16:05:00,20867.3,8637.02403564453
482,2023-06-04 16:10:00,20177.3,7828.515319569893
483,2023-06-04 16:15:00,19353.2,7674.780641682944
484,2023-06-04 16:20:00,18393.2,5364.720349375416
485,2023-06-04 16:25:00,17433.2,4679.322325134273
486,2023-06-04 16:30:00,15320.933333333332,4501.761997477215
487,2023-06-04 16:35:00,12040.933333333332,5080.3686640421565
488,2023-06-04 16:40:00,8760.933333333332,6454.267319234208
489,2023-06-04 16:45:00,6727.566666666667,6821.878680419921
490,2023-06-04 16:50:00,5957.566666666667,9296.35835113526
491,2023-06-04 16:55:00,5187.566666666667,8840.806657409661
492,2023-06-04 17:00:00,4675.833333333333,7451.449989318845
493,2023-06-04 17:05:00,4425.833333333333,7525.051989746095
494,2023-06-04 17:10:00,4175.833333333333,6133.027678426108
495,2023-06-04 17:15:00,3878.65,4952.4379956563325
496,2023-06-04 17:20:00,3533.65,7283.44599634807
497,2023-06-04 17:25:00,3188.65,7154.46400705974
498,2023-06-04 17:30:00,3079.5666666666666,5345.265995279949
499,2023-06-04 17:35:00,3209.5666666666666,4798.643662516276
500,2023-06-04 17:40:00,3339.5666666666666,5610.60999603272
501,2023-06-04 17:45:00,3385.133333333333,4567.323992919924
502,2023-06-04 17:50:00,3345.133333333333,4617.262661743165
503,2023-06-04 17:55:00,3305.133333333333,4569.730339558921
504,2023-06-04 18:00:00,3138.483333333333,4619.748994700117
505,2023-06-04 18:05:00,2843.483333333333,4741.951330057782
506,2023-06-04 18:10:00,2548.483333333333,4718.5003270467105
507,2023-06-04 18:15:00,2355.3,4683.09066619873
508,2023-06-04 18:20:00,2265.3,4655.050653076172
509,2023-06-04 18:25:00,2175.3,4536.113671366375
510,2023-06-04 18:30:00,2080.3333333333335,4596.825656127929
511,2023-06-04 18:35:00,1980.3333333333333,5350.029333496099
512,2023-06-04 18:40:00,1880.3333333333333,5371.151339721675
513,2023-06-04 18:45:00,1646.2333333333333,5531.793004862471
514,2023-06-04 18:50:00,1276.2333333333333,5418.220340728753
515,2023-06-04 18:55:00,906.2333333333333,5573.376996866862
516,2023-06-04 19:00:00,628.1166666666667,5502.434997812908
517,2023-06-04 19:05:00,443.1166666666667,5263.153338877361
518,2023-06-04 19:10:00,258.1166666666667,5279.9880009969065
519,2023-06-04 19:15:00,137.68333333333334,5406.6523340860995
520,2023-06-04 19:20:00,82.68333333333334,5188.453677113848
521,2023-06-04 19:25:00,27.683333333333334,5246.429674784346
522,2023-06-04 19:30:00,0.0,5150.434002176917
523,2023-06-04 19:35:00,0.0,5210.653987121584
524,2023-06-04 19:40:00,0.0,5143.660987345379
525,2023-06-04 19:45:00,0.0,5966.891987609864
526,2023-06-04 19:50:00,0.0,5828.212657419836
527,2023-06-04 19:55:00,0.0,5916.614689127609
528,2023-06-04 20:00:00,0.0,4808.440327707925
529,2023-06-04 20:05:00,0.0,4978.48932800293
530,2023-06-04 20:10:00,0.0,4836.306340789797
531,2023-06-04 20:15:00,0.0,4710.452337646483
532,2023-06-04 20:20:00,0.0,4700.379342142743
533,2023-06-04 20:25:00,0.0,4660.53398691813
534,2023-06-04 20:30:00,0.0,5268.987000528975
535,2023-06-04 20:35:00,0.0,5626.400645701087
536,2023-06-04 20:40:00,0.0,5027.796334075929
537,2023-06-04 20:45:00,0.0,5325.815676116943
538,2023-06-04 20:50:00,0.0,4583.381991577147
539,2023-06-04 20:55:00,0.0,4717.548337809242
540,2023-06-04 21:00:00,0.0,4728.098674011228
541,2023-06-04 21:05:00,0.0,5072.286008199053
542,2023-06-04 21:10:00,0.0,5055.130664571118
543,2023-06-04 21:15:00,0.0,4676.188996378582
544,2023-06-04 21:20:00,0.0,4669.19134368896
545,2023-06-04 21:25:00,0.0,4332.354991149904
546,2023-06-04 21:30:00,0.0,4250.240998077395
547,2023-06-04 21:35:00,0.0,4209.111343638102
548,2023-06-04 21:40:00,0.0,4148.914677174885
549,2023-06-04 21:45:00,0.0,4026.3799990336097
550,2023-06-04 21:50:00,0.0,4003.205004628499
551,2023-06-04 21:55:00,0.0,3915.1976778666167
552,2023-06-04 22:00:00,0.0,3881.9973332723007
553,2023-06-04 22:05:00,0.0,3873.376998901367
554,2023-06-04 22:10:00,0.0,3879.1276776631685
555,2023-06-04 22:15:00,0.0,3878.6366668701157
556,2023-06-04 22:20:00,0.0,3974.6953303019204
557,2023-06-04 22:25:00,0.0,4003.1026677449527
558,2023-06-04 22:30:00,0.0,3973.4353312174503
559,2023-06-04 22:35:00,0.0,4151.475662740068
560,2023-06-04 22:40:00,0.0,4464.501343790699
561,2023-06-04 22:45:00,0.0,4407.525996398929
562,2023-06-04 22:50:00,0.0,6594.571668752034
563,2023-06-04 22:55:00,0.0,6226.546317036949
564,2023-06-04 23:00:00,0.0,6347.992664591471
565,2023-06-04 23:05:00,0.0,5260.8429982503285
566,2023-06-04 23:10:00,0.0,3616.6480021158804
567,2023-06-04 23:15:00,0.0,3988.933668772371
568,2023-06-04 23:20:00,0.0,3533.4009920756007
569,2023-06-04 23:25:00,0.0,3353.1906641642263
570,2023-06-04 23:30:00,0.0,3134.589677937822
571,2023-06-04 23:35:00,0.0,3068.4839950561486
572,2023-06-04 23:40:00,0.0,3177.869998168944
573,2023-06-04 23:45:00,0.0,3085.4513343811027
574,2023-06-04 23:50:00,0.0,2962.941670227053
575,2023-06-04 23:55:00,0.0,3116.4166709899905
576,2023-06-05 00:00:00,0.0,3260.851671600339
577,2023-06-05 00:05:00,0.0,3352.80332743327
578,2023-06-05 00:10:00,0.0,3465.0940068562827
579,2023-06-05 00:15:00,0.0,3499.0870025634777
580,2023-06-05 00:20:00,0.0,3370.2339945475273
581,2023-06-05 00:25:00,0.0,3278.5340009053543
582,2023-06-05 00:30:00,0.0,3189.243998463947
583,2023-06-05 00:35:00,0.0,3069.57733561198
584,2023-06-05 00:40:00,0.0,3011.8013313293463
585,2023-06-05 00:45:00,0.0,3086.814337158199
586,2023-06-05 00:50:00,0.0,3037.7076586405465
587,2023-06-05 00:55:00,0.0,3150.317336273197
588,2023-06-05 01:00:00,0.0,3033.456664530435
589,2023-06-05 01:05:00,0.0,3057.280329640706
590,2023-06-05 01:10:00,0.0,2965.9449999491353
591,2023-06-05 01:15:00,0.0,2932.1686701456697
592,2023-06-05 01:20:00,0.0,2982.645338948566
593,2023-06-05 01:25:00,0.0,3098.3773373921676
594,2023-06-05 01:30:00,0.0,3323.2030042012548
595,2023-06-05 01:35:00,0.0,3413.738670349118
596,2023-06-05 01:40:00,0.0,3287.2843310038265
597,2023-06-05 01:45:00,0.0,3305.0919949849467
598,2023-06-05 01:50:00,0.0,3417.8439971923813
599,2023-06-05 01:55:00,0.0,3450.496662394201
600,2023-06-05 02:00:00,0.0,3472.2190093994154
601,2023-06-05 02:05:00,0.0,3250.5366739908854
602,2023-06-05 02:10:00,0.0,3154.003334045411
603,2023-06-05 02:15:00,0.0,3190.804334513346
604,2023-06-05 02:20:00,0.0,3219.678673553465
605,2023-06-05 02:25:00,0.0,3255.2943316141746
606,2023-06-05 02:30:00,0.0,3308.461668650314
607,2023-06-05 02:35:00,0.0,3235.723666890461
608,2023-06-05 02:40:00,0.0,3339.324330139158
609,2023-06-05 02:45:00,0.0,3315.2699956258157
610,2023-06-05 02:50:00,0.0,3315.4579999287944
611,2023-06-05 02:55:00,0.0,3223.8583310445174
612,2023-06-05 03:00:00,0.0,3150.2746686299633
613,2023-06-05 03:05:00,0.0,3069.6169975280764
614,2023-06-05 03:10:00,0.0,3207.825668334964
615,2023-06-05 03:15:00,0.0,3537.668674214677
616,2023-06-05 03:20:00,0.0,3523.174671936037
617,2023-06-05 03:25:00,0.0,3556.4486691792795
618,2023-06-05 03:30:00,47.18333333333333,3371.776671091716
619,2023-06-05 03:35:00,142.18333333333334,3093.8443407694504
620,2023-06-05 03:40:00,237.18333333333334,3113.252328999838
621,2023-06-05 03:45:00,411.65,3422.370335388185
622,2023-06-05 03:50:00,666.65,3185.9416737874362
623,2023-06-05 03:55:00,921.65,3340.842671203614
624,2023-06-05 04:00:00,1308.2666666666667,3701.2113337198857
625,2023-06-05 04:05:00,1828.2666666666667,3923.815669250493
626,2023-06-05 04:10:00,2348.266666666667,3525.763326009112
627,2023-06-05 04:15:00,3464.266666666667,4013.3006601969378
628,2023-06-05 04:20:00,5184.266666666666,3673.2890131632457
629,2023-06-05 04:25:00,6904.266666666666,3840.8523422241283
630,2023-06-05 04:30:00,8013.366666666667,3327.9059982299814
631,2023-06-05 04:35:00,8503.366666666667,3195.5896713256834
632,2023-06-05 04:40:00,8993.366666666667,3194.638332621258
633,2023-06-05 04:45:00,9316.983333333334,3229.6483304341646
634,2023-06-05 04:50:00,9471.983333333334,3227.2986661275236
635,2023-06-05 04:55:00,9626.983333333334,3300.5926668802913
636,2023-06-05 05:00:00,9861.45,4213.575322723389
637,2023-06-05 05:05:00,10176.45,5552.906331634516
638,2023-06-05 05:10:00,10491.45,6303.999988047278
639,2023-06-05 05:15:00,11635.883333333333,5504.733010609951
640,2023-06-05 05:20:00,13620.883333333333,6306.591672770186
641,2023-06-05 05:25:00,15605.883333333333,6547.754660034174
642,2023-06-05 05:30:00,16721.716666666667,6546.220344289144
643,2023-06-05 05:35:00,16956.716666666667,5829.043305460616
644,2023-06-05 05:40:00,17191.716666666667,7147.518319702154
645,2023-06-05 05:45:00,17426.716666666667,7023.907306162522
646,2023-06-05 05:50:00,17661.716666666667,7933.45964101154
647,2023-06-05 05:55:00,17896.716666666667,4756.418016560871
648,2023-06-05 06:00:00,18091.983333333334,3918.079344940189
649,2023-06-05 06:05:00,18246.983333333334,3745.955652618402
650,2023-06-05 06:10:00,18401.983333333334,3374.6183369954474
651,2023-06-05 06:15:00,18666.25,4388.674666849772
652,2023-06-05 06:20:00,19041.25,7412.815984090171
653,2023-06-05 06:25:00,19416.25,8453.978991953525
654,2023-06-05 06:30:00,19885.616666666665,7693.953326416023
655,2023-06-05 06:35:00,20450.616666666665,5948.645013682049
656,2023-06-05 06:40:00,21015.616666666665,4938.001327514645
657,2023-06-05 06:45:00,21617.866666666665,5442.576006571453
658,2023-06-05 06:50:00,22257.866666666665,5032.455662282313
659,2023-06-05 06:55:00,22897.866666666665,4258.256667073564
660,2023-06-05 07:00:00,23535.383333333335,3849.7210001627636
661,2023-06-05 07:05:00,24170.383333333335,3754.157663472485
662,2023-06-05 07:10:00,24805.383333333335,3623.4226626078225
663,2023-06-05 07:15:00,25442.866666666665,3741.652337392171
664,2023-06-05 07:20:00,26082.866666666665,3645.3159975687686
665,2023-06-05 07:25:00,26722.866666666665,3975.347988128662
666,2023-06-05 07:30:00,27375.283333333333,3675.817664337157
667,2023-06-05 07:35:00,28040.283333333333,3660.6783269246375
668,2023-06-05 07:40:00,28705.283333333333,4822.986669921874
669,2023-06-05 07:45:00,29263.5,4653.100337219244
670,2023-06-05 07:50:00,29713.5,4024.0793357849125
671,2023-06-05 07:55:00,30163.5,4023.819990030922
672,2023-06-05 08:00:00,30628.4,4041.231338246667
673,2023-06-05 08:05:00,31108.4,3906.7483304341663
674,2023-06-05 08:10:00,31588.4,3772.817336527506
675,2023-06-05 08:15:00,32070.883333333335,4571.825658671064
676,2023-06-05 08:20:00,32555.883333333335,4820.107333119706
677,2023-06-05 08:25:00,33040.88333333333,5733.820339457199
678,2023-06-05 08:30:00,33473.73333333333,6343.861329905185
679,2023-06-05 08:35:00,33853.73333333333,6085.185666147869
680,2023-06-05 08:40:00,34233.73333333333,6543.95435206096
681,2023-06-05 08:45:00,34663.4,5921.1009847005225
682,2023-06-05 08:50:00,35143.4,5807.364644622803
683,2023-06-05 08:55:00,35623.4,5730.619009653721
684,2023-06-05 09:00:00,36133.2,6253.123653411865
685,2023-06-05 09:05:00,36673.2,6475.666321818035
686,2023-06-05 09:10:00,37213.2,5354.640987396241
687,2023-06-05 09:15:00,37656.35,4458.18800303141
688,2023-06-05 09:20:00,38001.35,4142.587343088784
689,2023-06-05 09:25:00,38346.35,4260.049672698976
690,2023-06-05 09:30:00,38639.2,4829.1866566976
691,2023-06-05 09:35:00,38879.2,5108.370671335859
692,2023-06-05 09:40:00,39119.2,4499.584660847977
693,2023-06-05 09:45:00,39485.85,4594.036332956953
694,2023-06-05 09:50:00,39980.85,4750.704004414881
695,2023-06-05 09:55:00,40475.85,4859.619661712653
696,2023-06-05 10:00:00,40774.666666666664,4265.680007934559
697,2023-06-05 10:05:00,40874.666666666664,4261.731340281173
698,2023-06-05 10:10:00,40974.666666666664,4364.617650858556
699,2023-06-05 10:15:00,38519.316666666666,4276.633329264324
700,2023-06-05 10:20:00,33474.316666666666,4170.538001505535
701,2023-06-05 10:25:00,28429.316666666666,4202.08432718913
702,2023-06-05 10:30:00,24308.116666666665,4049.364684295654
703,2023-06-05 10:35:00,21123.116666666665,4322.780661265054
704,2023-06-05 10:40:00,17938.116666666665,5502.015331268312
705,2023-06-05 10:45:00,17427.666666666668,4993.485658772782
706,2023-06-05 10:50:00,19627.666666666668,7281.423998006175
707,2023-06-05 10:55:00,21827.666666666668,5713.234990437818
708,2023-06-05 11:00:00,23958.133333333335,5854.688999176024
709,2023-06-05 11:05:00,26018.133333333335,5025.195328776032
710,2023-06-05 11:10:00,28078.133333333335,5247.871662139889
711,2023-06-05 11:15:00,28692.833333333332,6747.248664093018
712,2023-06-05 11:20:00,27842.833333333332,7197.477301534016
713,2023-06-05 11:25:00,26992.833333333332,7029.988641866049
714,2023-06-05 11:30:00,28345.55,6661.710684458417
715,2023-06-05 11:35:00,31930.55,7626.809664662675
716,2023-06-05 11:40:00,35515.55,7592.691338348395
717,2023-06-05 11:45:00,37180.933333333334,10726.933335367848
718,2023-06-05 11:50:00,36900.933333333334,10714.714675648995
719,2023-06-05 11:55:00,36620.933333333334,9507.815954335521
720,2023-06-05 12:00:00,33860.083333333336,9613.703680165612
721,2023-06-05 12:05:00,28585.083333333332,9370.763640340167
722,2023-06-05 12:10:00,23310.083333333332,6259.578992716471
723,2023-06-05 12:15:00,24151.533333333333,5745.697994995114
724,2023-06-05 12:20:00,31191.533333333333,5626.922645568842
725,2023-06-05 12:25:00,38231.53333333333,5341.786659749354
726,2023-06-05 12:30:00,39343.816666666666,6910.762012227389
727,2023-06-05 12:35:00,34448.816666666666,7239.972684224441
728,2023-06-05 12:40:00,29553.816666666666,5713.262350463871
729,2023-06-05 12:45:00,27380.55,4919.80699081421
730,2023-06-05 12:50:00,27965.55,5344.413986460373
731,2023-06-05 12:55:00,28550.55,6263.415358734133
732,2023-06-05 13:00:00,30908.65,4408.628997548427
733,2023-06-05 13:05:00,35063.65,4888.354669443772
734,2023-06-05 13:10:00,39218.65,4995.258002726228
735,2023-06-05 13:15:00,39832.416666666664,6346.09298070272
736,2023-06-05 13:20:00,36857.416666666664,7614.498681386307
737,2023-06-05 13:25:00,33882.416666666664,6983.660967508942
738,2023-06-05 13:30:00,29188.95,7196.430331420898
739,2023-06-05 13:35:00,22753.95,7486.086353047686
740,2023-06-05 13:40:00,16318.95,7666.530331929526
741,2023-06-05 13:45:00,13599.016666666666,7813.898018391928
742,2023-06-05 13:50:00,14644.016666666666,6516.264336140952
743,2023-06-05 13:55:00,15689.016666666666,5874.363338979083
744,2023-06-05 14:00:00,18373.016666666666,5760.009332784018
745,2023-06-05 14:05:00,22718.016666666666,5742.343642171221
746,2023-06-05 14:10:00,27063.016666666666,7419.995981343586
747,2023-06-05 14:15:00,27347.766666666666,8252.843999226894
748,2023-06-05 14:20:00,23517.766666666666,10733.842346700041
749,2023-06-05 14:25:00,19687.766666666666,8042.907980855306
750,2023-06-05 14:30:00,15070.55,7262.634677632648
751,2023-06-05 14:35:00,9655.55,6924.849339803061
752,2023-06-05 14:40:00,4240.55,6100.808346048992
753,2023-06-05 14:45:00,1264.1833333333334,6453.7046450297
754,2023-06-05 14:50:00,759.1833333333333,7258.616664886465
755,2023-06-05 14:55:00,254.18333333333334,9220.978341166172
756,2023-06-05 15:00:00,0.0,9231.76632944741
757,2023-06-05 15:05:00,0.0,10069.759672037755
758,2023-06-05 15:10:00,0.0,8344.649669392904
759,2023-06-05 15:15:00,0.0,8988.432302856445
760,2023-06-05 15:20:00,0.0,8294.534999593105
761,2023-06-05 15:25:00,0.0,9099.630329132082
762,2023-06-05 15:30:00,0.0,7538.472662862142
763,2023-06-05 15:35:00,0.0,8442.602348327617
764,2023-06-05 15:40:00,0.0,8587.28568064371
765,2023-06-05 15:45:00,0.0,6776.9336753845355
766,2023-06-05 15:50:00,0.0,6445.587320709231
767,2023-06-05 15:55:00,0.0,8458.601348876957
768,2023-06-05 16:00:00,0.0,10276.60065409343
769,2023-06-05 16:05:00,0.0,11950.78333892822
770,2023-06-05 16:10:00,0.0,11354.148625691729
771,2023-06-05 16:15:00,0.0,9670.400318908687
772,2023-06-05 16:20:00,0.0,8853.768362935383
773,2023-06-05 16:25:00,0.0,8538.140677897134
774,2023-06-05 16:30:00,0.0,8133.142352803556
775,2023-06-05 16:35:00,0.0,7551.251319885254
776,2023-06-05 16:40:00,0.0,7181.532663472485
777,2023-06-05 16:45:00,0.0,7340.4413386027
778,2023-06-05 16:50:00,0.0,8590.799359639486
779,2023-06-05 16:55:00,0.0,6815.405991109204
780,2023-06-05 17:00:00,0.0,4995.775343322752
781,2023-06-05 17:05:00,0.0,6429.493317159014
782,2023-06-05 17:10:00,0.0,8592.194970194481
783,2023-06-05 17:15:00,0.0,10107.846688334143
784,2023-06-05 17:20:00,0.0,8927.885302480054
785,2023-06-05 17:25:00,0.0,6230.758671569824
786,2023-06-05 17:30:00,0.0,6974.728008015953
787,2023-06-05 17:35:00,0.0,4849.802656555174
788,2023-06-05 17:40:00,0.0,5578.777685801181
789,2023-06-05 17:45:00,0.0,5397.9503425598205
790,2023-06-05 17:50:00,0.0,4541.548320515956
791,2023-06-05 17:55:00,0.0,6268.024330393473
792,2023-06-05 18:00:00,0.0,7725.103002929692
793,2023-06-05 18:05:00,0.0,6788.683011118572
794,2023-06-05 18:10:00,0.0,7521.689681243885
795,2023-06-05 18:15:00,0.0,6156.397027333581
796,2023-06-05 18:20:00,0.0,5725.904344685874
797,2023-06-05 18:25:00,0.0,6716.059695688889
798,2023-06-05 18:30:00,0.0,7263.978622436524
799,2023-06-05 18:35:00,0.0,7098.594657897955
800,2023-06-05 18:40:00,0.0,6273.211329650876
801,2023-06-05 18:45:00,0.0,5941.904998779301
802,2023-06-05 18:50:00,0.0,5004.037665812173
803,2023-06-05 18:55:00,0.0,5042.940334828697
804,2023-06-05 19:00:00,0.0,5113.339973958328
805,2023-06-05 19:05:00,0.0,4877.637008158368
806,2023-06-05 19:10:00,0.0,4942.821331278481
807,2023-06-05 19:15:00,0.0,4909.996003977458
808,2023-06-05 19:20:00,0.0,4797.787337493895
809,2023-06-05 19:25:00,0.0,4976.888667297363
810,2023-06-05 19:30:00,0.0,5264.148007710778
811,2023-06-05 19:35:00,0.0,5312.880996704099
812,2023-06-05 19:40:00,0.0,5012.732006835937
813,2023-06-05 19:45:00,0.0,4996.923996988932
814,2023-06-05 19:50:00,0.0,5287.330682373047
815,2023-06-05 19:55:00,0.0,6134.489980570472
816,2023-06-05 20:00:00,0.0,6449.238011169422
817,2023-06-05 20:05:00,0.0,5474.90999298096
818,2023-06-05 20:10:00,0.0,5604.333005269368
819,2023-06-05 20:15:00,0.0,5073.0469902038585
820,2023-06-05 20:20:00,0.0,4897.5196690877265
821,2023-06-05 20:25:00,0.0,4718.6239962259915
822,2023-06-05 20:30:00,0.0,4510.250320180257
823,2023-06-05 20:35:00,0.0,4419.368011220296
824,2023-06-05 20:40:00,0.0,4491.0080052693675
825,2023-06-05 20:45:00,0.0,4513.661337534586
826,2023-06-05 20:50:00,0.0,4859.766991170249
827,2023-06-05 20:55:00,0.0,6805.429019165046
828,2023-06-05 21:00:00,0.0,6690.153659057614
829,2023-06-05 21:05:00,0.0,6353.173012797035
830,2023-06-05 21:10:00,0.0,5978.323667907709
831,2023-06-05 21:15:00,0.0,5749.19597981771
832,2023-06-05 21:20:00,0.0,4579.5650019327795
833,2023-06-05 21:25:00,0.0,4537.032669067383
834,2023-06-05 21:30:00,0.0,4241.892004140218
835,2023-06-05 21:35:00,0.0,4520.774999745688
836,2023-06-05 21:40:00,0.0,4718.894656626386
837,2023-06-05 21:45:00,0.0,4394.338659922282
838,2023-06-05 21:50:00,0.0,4352.602667999271
839,2023-06-05 21:55:00,0.0,4483.490989685059
840,2023-06-05 22:00:00,0.0,4304.567330169679
841,2023-06-05 22:05:00,0.0,4364.671657307943
842,2023-06-05 22:10:00,0.0,4219.074326578777
843,2023-06-05 22:15:00,0.0,3909.9516588846845
844,2023-06-05 22:20:00,0.0,3891.9753257751454
845,2023-06-05 22:25:00,0.0,3892.207657114662
846,2023-06-05 22:30:00,0.0,3893.1986745198533
847,2023-06-05 22:35:00,0.0,3944.145000457763
848,2023-06-05 22:40:00,0.0,3829.5253252665193
849,2023-06-05 22:45:00,0.0,3833.1679939270048
850,2023-06-05 22:50:00,0.0,3837.4793261210098
851,2023-06-05 22:55:00,0.0,3967.437327829997
852,2023-06-05 23:00:00,0.0,3676.250338490799
853,2023-06-05 23:05:00,0.0,3741.4743380228674
854,2023-06-05 23:10:00,0.0,3716.2156672159804
855,2023-06-05 23:15:00,0.0,3763.8790059407524
856,2023-06-05 23:20:00,0.0,3723.9956682840984
857,2023-06-05 23:25:00,0.0,3598.181337992353
858,2023-06-05 23:30:00,0.0,3522.2333374023438
859,2023-06-05 23:35:00,0.0,3691.8996655782094
860,2023-06-05 23:40:00,0.0,3584.034666951496
861,2023-06-05 23:45:00,0.0,3437.2903266906733
862,2023-06-05 23:50:00,0.0,3341.342000071211
863,2023-06-05 23:55:00,0.0,3306.5309903462735
