timestamp,clean_energy_left,battery_energy_available,grid_consumption
2023-06-03 00:00:00,0.0,0.0,-3373.81799443563
2023-06-03 00:05:00,0.0,0.0,-6701.315330505373
2023-06-03 00:10:00,0.0,0.0,-9984.286333211265
2023-06-03 00:15:00,0.0,0.0,-13265.984671529131
2023-06-03 00:20:00,0.0,0.0,-16658.693010711664
2023-06-03 00:25:00,0.0,0.0,-20052.690678660067
2023-06-03 00:30:00,0.0,0.0,-23292.211009470615
2023-06-03 00:35:00,0.0,0.0,-26496.883676147452
2023-06-03 00:40:00,0.0,0.0,-29732.452345784495
2023-06-03 00:45:00,0.0,0.0,-33054.60502065022
2023-06-03 00:50:00,0.0,0.0,-36348.13435719807
2023-06-03 00:55:00,0.0,0.0,-39652.23501790364
2023-06-03 01:00:00,0.0,0.0,-43137.49001642862
2023-06-03 01:05:00,0.0,0.0,-46581.34035237629
2023-06-03 01:10:00,0.0,0.0,-50050.25501734414
2023-06-03 01:15:00,0.0,0.0,-53529.83034540811
2023-06-03 01:20:00,0.0,0.0,-57047.28934046427
2023-06-03 01:25:00,0.0,0.0,-60325.285668945304
2023-06-03 01:30:00,0.0,0.0,-63582.28766326904
2023-06-03 01:35:00,0.0,0.0,-66934.18100229898
2023-06-03 01:40:00,0.0,0.0,-70363.8380050659
2023-06-03 01:45:00,0.0,0.0,-73650.61434020994
2023-06-03 01:50:00,0.0,0.0,-76882.23566945392
2023-06-03 01:55:00,0.0,0.0,-80090.40434087116
2023-06-03 02:00:00,0.0,0.0,-83311.12533264159
2023-06-03 02:05:00,0.0,0.0,-86429.12033665973
2023-06-03 02:10:00,0.0,0.0,-89628.03868230182
2023-06-03 02:15:00,0.0,0.0,-92837.72568359373
2023-06-03 02:20:00,0.0,0.0,-96065.88835271198
2023-06-03 02:25:00,0.0,0.0,-99297.27735392252
2023-06-03 02:30:00,0.0,0.0,-102477.2370147705
2023-06-03 02:35:00,0.0,0.0,-105711.68668060302
2023-06-03 02:40:00,0.0,0.0,-108828.82801005045
2023-06-03 02:45:00,0.0,0.0,-111831.95066808064
2023-06-03 02:50:00,0.0,0.0,-114923.62033920287
2023-06-03 02:55:00,0.0,0.0,-118069.42033793131
2023-06-03 03:00:00,0.0,0.0,-121207.13567021687
2023-06-03 03:05:00,0.0,0.0,-124249.43366902668
2023-06-03 03:10:00,0.0,0.0,-127115.91000722248
2023-06-03 03:15:00,0.0,0.0,-130032.36801122029
2023-06-03 03:20:00,0.0,0.0,-133057.85933965046
2023-06-03 03:25:00,0.0,0.0,-136026.46033376057
2023-06-03 03:30:00,0.0,0.0,-138807.85166702268
2023-06-03 03:35:00,0.0,0.0,-141747.22466735836
2023-06-03 03:40:00,0.0,0.0,-144691.3439984639
2023-06-03 03:45:00,0.0,0.0,-147620.53866399126
2023-06-03 03:50:00,0.0,0.0,-150579.47999293008
2023-06-03 03:55:00,0.0,0.0,-153765.65565567015
2023-06-03 04:00:00,0.0,0.0,-157124.2776613871
2023-06-03 04:05:00,0.0,0.0,-160366.21299285887
2023-06-03 04:10:00,0.0,0.0,-163510.23098780314
2023-06-03 04:15:00,0.0,0.0,-166547.0173212687
2023-06-03 04:20:00,0.0,0.0,-170361.69097442625
2023-06-03 04:25:00,0.0,0.0,-173562.82197418212
2023-06-03 04:30:00,0.0,0.0,-176798.990642039
2023-06-03 04:35:00,0.0,0.0,-180289.4916399638
2023-06-03 04:40:00,0.0,0.0,-184085.64863408406
2023-06-03 04:45:00,0.0,0.0,-187387.37696940103
2023-06-03 04:50:00,0.0,0.0,-191017.1193033854
2023-06-03 04:55:00,0.0,0.0,-194618.8386334737
2023-06-03 05:00:00,0.0,0.0,-198028.11263097127
2023-06-03 05:05:00,0.0,0.0,-201100.1782974243
2023-06-03 05:10:00,0.0,0.0,-204594.34363149008
2023-06-03 05:15:00,0.0,0.0,-208253.49863204957
2023-06-03 05:20:00,0.0,0.0,-212165.86863759358
2023-06-03 05:25:00,0.0,0.0,-216200.30229288738
2023-06-03 05:30:00,0.0,0.0,-220042.73662261965
2023-06-03 05:35:00,0.0,0.0,-224612.2592892965
2023-06-03 05:40:00,0.0,0.0,-229440.81362482707
2023-06-03 05:45:00,0.0,0.0,-235084.48563435875
2023-06-03 05:50:00,0.0,0.0,-240558.31763458255
2023-06-03 05:55:00,0.0,0.0,-243930.7186233521
2023-06-03 06:00:00,0.0,0.0,-248092.47196070358
2023-06-03 06:05:00,0.0,0.0,-252981.18429361982
2023-06-03 06:10:00,0.0,0.0,-257982.22763366703
2023-06-03 06:15:00,0.0,0.0,-262395.3572942098
2023-06-03 06:20:00,0.0,0.0,-265897.1106257121
2023-06-03 06:25:00,0.0,0.0,-269510.78696289065
2023-06-03 06:30:00,0.0,0.0,-273102.9489651998
2023-06-03 06:35:00,0.0,0.0,-277537.4359662374
2023-06-03 06:40:00,0.0,0.0,-281638.1303070068
2023-06-03 06:45:00,0.0,0.0,-286830.51830190024
2023-06-03 06:50:00,0.0,0.0,-292260.6096354167
2023-06-03 06:55:00,0.0,0.0,-296722.05362396245
2023-06-03 07:00:00,0.0,0.0,-301342.2559435527
2023-06-03 07:05:00,0.0,0.0,-305719.10327224736
2023-06-03 07:10:00,0.0,0.0,-310095.0609441122
2023-06-03 07:15:00,0.0,0.0,-314836.74095179245
2023-06-03 07:20:00,0.0,0.0,-319762.40429128014
2023-06-03 07:25:00,0.0,0.0,-326429.46463063563
2023-06-03 07:30:00,0.0,0.0,-333721.41363321943
2023-06-03 07:35:00,0.0,0.0,-339666.4669863383
2023-06-03 07:40:00,0.0,0.0,-345085.4896420797
2023-06-03 07:45:00,0.0,0.0,-349940.5339691162
2023-06-03 07:50:00,0.0,0.0,-356162.53197021486
2023-06-03 07:55:00,0.0,0.0,-361997.65131047566
2023-06-03 08:00:00,0.0,0.0,-366705.04130096437
2023-06-03 08:05:00,0.0,0.0,-371719.0386355082
2023-06-03 08:10:00,0.0,0.0,-378270.3076230367
2023-06-03 08:15:00,0.0,0.0,-386024.5323160807
2023-06-03 08:20:00,0.0,0.0,-394182.77066243486
2023-06-03 08:25:00,0.0,0.0,-400989.8563550313
2023-06-03 08:30:00,0.0,0.0,-407291.86433461506
2023-06-03 08:35:00,0.0,0.0,-411547.138667043
2023-06-03 08:40:00,0.0,0.0,-416067.1906608581
2023-06-03 08:45:00,0.0,0.0,-421033.8626528422
2023-06-03 08:50:00,0.0,0.0,-425619.17265625
2023-06-03 08:55:00,0.0,0.0,-430436.64699325565
2023-06-03 09:00:00,0.0,0.0,-434929.6093276978
2023-06-03 09:05:00,0.0,0.0,-439222.1613212586
2023-06-03 09:10:00,0.0,0.0,-443614.736988322
2023-06-03 09:15:00,0.0,0.0,-448382.58365554817
2023-06-03 09:20:00,0.0,0.0,-453985.20096689864
2023-06-03 09:25:00,0.0,0.0,-460886.83830464684
2023-06-03 09:30:00,0.0,0.0,-468508.2699516297
2023-06-03 09:35:00,0.0,0.0,-475920.51828409836
2023-06-03 09:40:00,0.0,0.0,-481882.2596099854
2023-06-03 09:45:00,0.0,0.0,-486498.4936060588
2023-06-03 09:50:00,0.0,0.0,-491888.724602
2023-06-03 09:55:00,0.0,0.0,-498057.46894556686
2023-06-03 10:00:00,0.0,0.0,-504333.6716049195
2023-06-03 10:05:00,0.0,0.0,-511956.3362637838
2023-06-03 10:10:00,0.0,0.0,-519362.8969365438
2023-06-03 10:15:00,0.0,0.0,-525898.260949707
2023-06-03 10:20:00,0.0,0.0,-530403.3292917887
2023-06-03 10:25:00,0.0,0.0,-534722.5452857971
2023-06-03 10:30:00,0.0,0.0,-538607.3299446106
2023-06-03 10:35:00,0.0,0.0,-542562.8822837829
2023-06-03 10:40:00,0.0,0.0,-546936.0966171265
2023-06-03 10:45:00,0.0,0.0,-551504.9079421997
2023-06-03 10:50:00,0.0,0.0,-557823.391598765
2023-06-03 10:55:00,0.0,0.0,-563436.8259401957
2023-06-03 11:00:00,0.0,0.0,-570594.1626042684
2023-06-03 11:05:00,0.0,0.0,-577549.8852620443
2023-06-03 11:10:00,0.0,0.0,-582673.2469512939
2023-06-03 11:15:00,0.0,0.0,-587380.285949707
2023-06-03 11:20:00,0.0,0.0,-592199.3436187744
2023-06-03 11:25:00,0.0,0.0,-596818.2112920126
2023-06-03 11:30:00,0.0,0.0,-601506.5616297404
2023-06-03 11:35:00,0.0,0.0,-608422.0539952596
2023-06-03 11:40:00,0.0,0.0,-616519.7513376871
2023-06-03 11:45:00,0.0,0.0,-623465.433668518
2023-06-03 11:50:00,0.0,0.0,-629625.298667399
2023-06-03 11:55:00,0.0,0.0,-636442.8803400674
2023-06-03 12:00:00,0.0,0.0,-642420.3013641356
2023-06-03 12:05:00,0.0,0.0,-647683.7763628641
2023-06-03 12:10:00,0.0,0.0,-652330.3070365904
2023-06-03 12:15:00,0.0,0.0,-658897.1053894041
2023-06-03 12:20:00,0.0,0.0,-663546.0093892413
2023-06-03 12:25:00,0.0,0.0,-668045.6013827004
2023-06-03 12:30:00,0.0,0.0,-672505.3637184141
2023-06-03 12:35:00,0.0,0.0,-676186.4993899026
2023-06-03 12:40:00,0.0,0.0,-681005.1533683775
2023-06-03 12:45:00,0.0,0.0,-685869.4203804014
2023-06-03 12:50:00,0.0,0.0,-690247.0950424193
2023-06-03 12:55:00,0.0,0.0,-696043.7790405272
2023-06-03 13:00:00,0.0,0.0,-701038.3003880817
2023-06-03 13:05:00,0.0,0.0,-706258.56473999
2023-06-03 13:10:00,0.0,0.0,-710986.3987386066
2023-06-03 13:15:00,0.0,0.0,-716771.9857518512
2023-06-03 13:20:00,0.0,0.0,-722987.798746236
2023-06-03 13:25:00,0.0,0.0,-729225.7914220173
2023-06-03 13:30:00,0.0,0.0,-734707.9854253131
2023-06-03 13:35:00,0.0,0.0,-739066.9200843809
2023-06-03 13:40:00,0.0,0.0,-744649.4447324115
2023-06-03 13:45:00,0.0,0.0,-750676.4917160033
2023-06-03 13:50:00,0.0,0.0,-755589.3757087706
2023-06-03 13:55:00,0.0,0.0,-759809.304042816
2023-06-03 14:00:00,0.0,0.0,-764398.7160443623
2023-06-03 14:05:00,0.0,0.0,-770311.883383433
2023-06-03 14:10:00,0.0,0.0,-777351.4890520731
2023-06-03 14:15:00,0.0,0.0,-783683.5567227681
2023-06-03 14:20:00,0.0,0.0,-789769.5587209065
2023-06-03 14:25:00,0.0,0.0,-793443.7130554199
2023-06-03 14:30:00,0.0,0.0,-797681.9713877359
2023-06-03 14:35:00,0.0,0.0,-803659.2103764851
2023-06-03 14:40:00,0.0,0.0,-809723.1077011108
2023-06-03 14:45:00,0.0,0.0,-814847.4283757526
2023-06-03 14:50:00,0.0,0.0,-819022.7673800149
2023-06-03 14:55:00,0.0,0.0,-823165.6507052102
2023-06-03 15:00:00,0.0,0.0,-830489.1353757221
2023-06-03 15:05:00,0.0,0.0,-839110.1940251667
2023-06-03 15:10:00,0.0,0.0,-847315.0420206705
2023-06-03 15:15:00,0.0,0.0,-855057.8206924438
2023-06-03 15:20:00,0.0,0.0,-862455.5117080688
2023-06-03 15:25:00,0.0,0.0,-868090.2676966349
2023-06-03 15:30:00,0.0,0.0,-873994.2813578288
2023-06-03 15:35:00,0.0,0.0,-880163.1656906127
2023-06-03 15:40:00,0.0,0.0,-885123.9023691813
2023-06-03 15:45:00,0.0,0.0,-889990.636050415
2023-06-03 15:50:00,0.0,0.0,-894835.0687113444
2023-06-03 15:55:00,0.0,0.0,-901588.6393483479
2023-06-03 16:00:00,0.0,0.0,-908557.8813616434
2023-06-03 16:05:00,0.0,0.0,-915491.0846959432
2023-06-03 16:10:00,0.0,0.0,-922480.6086809793
2023-06-03 16:15:00,0.0,0.0,-930182.2470138549
2023-06-03 16:20:00,0.0,0.0,-938081.6073562622
2023-06-03 16:25:00,0.0,0.0,-945706.1827087401
2023-06-03 16:30:00,0.0,0.0,-951683.92938385
2023-06-03 16:35:00,0.0,0.0,-957813.3770426431
2023-06-03 16:40:00,0.0,0.0,-963232.5786844889
2023-06-03 16:45:00,0.0,0.0,-967756.9590204874
2023-06-03 16:50:00,0.0,0.0,-972246.0873570759
2023-06-03 16:55:00,0.0,0.0,-976787.0900243123
2023-06-03 17:00:00,0.0,0.0,-981511.6073552449
2023-06-03 17:05:00,0.0,0.0,-986291.917018636
2023-06-03 17:10:00,0.0,0.0,-991107.2133550007
2023-06-03 17:15:00,0.0,0.0,-996087.6803644815
2023-06-03 17:20:00,0.0,0.0,-1000789.8387039184
2023-06-03 17:25:00,0.0,0.0,-1005921.289367167
2023-06-03 17:30:00,0.0,0.0,-1011289.3513605753
2023-06-03 17:35:00,0.0,0.0,-1015946.3740112304
2023-06-03 17:40:00,0.0,0.0,-1020623.4576835632
2023-06-03 17:45:00,0.0,0.0,-1025553.6120160421
2023-06-03 17:50:00,0.0,0.0,-1030388.9240219117
2023-06-03 17:55:00,0.0,0.0,-1035243.5283602397
2023-06-03 18:00:00,0.0,0.0,-1040201.0803466797
2023-06-03 18:05:00,0.0,0.0,-1045301.2946792602
2023-06-03 18:10:00,0.0,0.0,-1050415.5563428244
2023-06-03 18:15:00,0.0,0.0,-1055380.8480117798
2023-06-03 18:20:00,0.0,0.0,-1060312.7976727805
2023-06-03 18:25:00,0.0,0.0,-1065125.4480023703
2023-06-03 18:30:00,0.0,0.0,-1070063.8010032654
2023-06-03 18:35:00,0.0,0.0,-1075121.1250144958
2023-06-03 18:40:00,0.0,0.0,-1082213.506351471
2023-06-03 18:45:00,0.0,0.0,-1089889.9410308837
2023-06-03 18:50:00,0.0,0.0,-1097391.5817146301
2023-06-03 18:55:00,0.0,0.0,-1105076.752388509
2023-06-03 19:00:00,0.0,0.0,-1112435.9867329914
2023-06-03 19:05:00,0.0,0.0,-1118715.7737467447
2023-06-03 19:10:00,0.0,0.0,-1123874.4620961507
2023-06-03 19:15:00,0.0,0.0,-1128971.1897781373
2023-06-03 19:20:00,0.0,0.0,-1134593.578431956
2023-06-03 19:25:00,0.0,0.0,-1140405.151107788
2023-06-03 19:30:00,0.0,0.0,-1145687.5054389953
2023-06-03 19:35:00,0.0,0.0,-1152545.2990898131
2023-06-03 19:40:00,0.0,0.0,-1157716.4614257812
2023-06-03 19:45:00,0.0,0.0,-1162962.716095988
2023-06-03 19:50:00,0.0,0.0,-1167871.87743632
2023-06-03 19:55:00,0.0,0.0,-1172803.841764323
2023-06-03 20:00:00,0.0,0.0,-1177810.6687502544
2023-06-03 20:05:00,0.0,0.0,-1182768.7177434287
2023-06-03 20:10:00,0.0,0.0,-1187491.0177426657
2023-06-03 20:15:00,0.0,0.0,-1192047.086738841
2023-06-03 20:20:00,0.0,0.0,-1196777.847073873
2023-06-03 20:25:00,0.0,0.0,-1201572.1314061484
2023-06-03 20:30:00,0.0,0.0,-1206363.806755829
2023-06-03 20:35:00,0.0,0.0,-1211008.6254219057
2023-06-03 20:40:00,0.0,0.0,-1215616.829416148
2023-06-03 20:45:00,0.0,0.0,-1220022.1777509053
2023-06-03 20:50:00,0.0,0.0,-1224360.7450790405
2023-06-03 20:55:00,0.0,0.0,-1228666.4254203797
2023-06-03 21:00:00,0.0,0.0,-1233027.968417867
2023-06-03 21:05:00,0.0,0.0,-1237474.571759542
2023-06-03 21:10:00,0.0,0.0,-1241904.8784215292
2023-06-03 21:15:00,0.0,0.0,-1246203.8950937907
2023-06-03 21:20:00,0.0,0.0,-1250512.733763377
2023-06-03 21:25:00,0.0,0.0,-1254830.5237533571
2023-06-03 21:30:00,0.0,0.0,-1258990.7644399009
2023-06-03 21:35:00,0.0,0.0,-1263259.409780121
2023-06-03 21:40:00,0.0,0.0,-1267525.3577763876
2023-06-03 21:45:00,0.0,0.0,-1271899.2127700807
2023-06-03 21:50:00,0.0,0.0,-1276157.808104706
2023-06-03 21:55:00,0.0,0.0,-1280514.615763601
2023-06-03 22:00:00,0.0,0.0,-1284582.096756236
2023-06-03 22:05:00,0.0,0.0,-1288567.3724174502
2023-06-03 22:10:00,0.0,0.0,-1292587.8870826724
2023-06-03 22:15:00,0.0,0.0,-1296589.3467463178
2023-06-03 22:20:00,0.0,0.0,-1300506.357747396
2023-06-03 22:25:00,0.0,0.0,-1304427.6760821026
2023-06-03 22:30:00,0.0,0.0,-1308112.5887512208
2023-06-03 22:35:00,0.0,0.0,-1311680.4814158124
2023-06-03 22:40:00,0.0,0.0,-1315174.1864173892
2023-06-03 22:45:00,0.0,0.0,-1318708.7134257
2023-06-03 22:50:00,0.0,0.0,-1322437.5047556562
2023-06-03 22:55:00,0.0,0.0,-1326250.7587621056
2023-06-03 23:00:00,0.0,0.0,-1329737.5580983483
2023-06-03 23:05:00,0.0,0.0,-1333081.6080937707
2023-06-03 23:10:00,0.0,0.0,-1336511.6470942183
2023-06-03 23:15:00,0.0,0.0,-1339755.0460929875
2023-06-03 23:20:00,0.0,0.0,-1343032.9264246628
2023-06-03 23:25:00,0.0,0.0,-1346514.9310925808
2023-06-03 23:30:00,0.0,0.0,-1349973.283089702
2023-06-03 23:35:00,0.0,0.0,-1353322.770763398
2023-06-03 23:40:00,0.0,0.0,-1356633.2950925198
2023-06-03 23:45:00,0.0,0.0,-1359873.97143097
2023-06-03 23:50:00,0.0,0.0,-1363265.9420964567
2023-06-03 23:55:00,0.0,0.0,-1366714.5710952766
2023-06-04 00:00:00,0.0,0.0,-1370099.2530929572
2023-06-04 00:05:00,0.0,0.0,-1373456.5710985826
2023-06-04 00:10:00,0.0,0.0,-1376968.840106456
2023-06-04 00:15:00,0.0,0.0,-1380211.6494450893
2023-06-04 00:20:00,0.0,0.0,-1383221.5697741196
2023-06-04 00:25:00,0.0,0.0,-1386304.1891092942
2023-06-04 00:30:00,0.0,0.0,-1389485.5551066087
2023-06-04 00:35:00,0.0,0.0,-1392549.748772431
2023-06-04 00:40:00,0.0,0.0,-1395661.2021057133
2023-06-04 00:45:00,0.0,0.0,-1398864.072774506
2023-06-04 00:50:00,0.0,0.0,-1402013.9277755741
2023-06-04 00:55:00,0.0,0.0,-1405152.6131057744
2023-06-04 01:00:00,0.0,0.0,-1408232.1954442346
2023-06-04 01:05:00,0.0,0.0,-1411410.177785238
2023-06-04 01:10:00,0.0,0.0,-1414797.1334493004
2023-06-04 01:15:00,0.0,0.0,-1418153.9091120404
2023-06-04 01:20:00,0.0,0.0,-1421475.8611076358
2023-06-04 01:25:00,0.0,0.0,-1424724.9377744042
2023-06-04 01:30:00,0.0,0.0,-1427914.2137761437
2023-06-04 01:35:00,0.0,0.0,-1431339.2087694807
2023-06-04 01:40:00,0.0,0.0,-1434745.3751088462
2023-06-04 01:45:00,0.0,0.0,-1438031.9974451703
2023-06-04 01:50:00,0.0,0.0,-1441259.607441203
2023-06-04 01:55:00,0.0,0.0,-1444525.0580993653
2023-06-04 02:00:00,0.0,0.0,-1447653.035766856
2023-06-04 02:05:00,0.0,0.0,-1450667.4151028953
2023-06-04 02:10:00,0.0,0.0,-1453627.0154441835
2023-06-04 02:15:00,0.0,0.0,-1456628.0247759502
2023-06-04 02:20:00,0.0,0.0,-1459507.1591059368
2023-06-04 02:25:00,0.0,0.0,-1462586.2411107381
2023-06-04 02:30:00,0.0,0.0,-1465648.6851069133
2023-06-04 02:35:00,0.0,0.0,-1468618.9994300844
2023-06-04 02:40:00,0.0,0.0,-1471671.9751019797
2023-06-04 02:45:00,0.0,0.0,-1474904.8214368185
2023-06-04 02:50:00,0.0,0.0,-1478048.5521013895
2023-06-04 02:55:00,0.0,0.0,-1481455.6104303994
2023-06-04 03:00:00,0.0,0.0,-1485266.301097107
2023-06-04 03:05:00,0.0,0.0,-1488989.1814183553
2023-06-04 03:10:00,0.0,0.0,-1492259.0294232687
2023-06-04 03:15:00,0.0,0.0,-1495480.0687543235
2023-06-04 03:20:00,0.0,0.0,-1498814.1564262393
2023-06-04 03:25:00,0.0,0.0,-1502141.9180938723
2023-06-04 03:30:00,0.0,0.0,-1505377.3294255577
2023-06-04 03:35:00,0.0,0.0,-1508549.9874247236
2023-06-04 03:40:00,0.0,0.0,-1511628.100425212
2023-06-04 03:45:00,0.0,0.0,-1514788.0824302677
2023-06-04 03:50:00,0.0,0.0,-1517808.2274381006
2023-06-04 03:55:00,0.0,0.0,-1521035.0807683314
2023-06-04 04:00:00,0.0,0.0,-1524335.2390978502
2023-06-04 04:05:00,0.0,0.0,-1527935.2787623093
2023-06-04 04:10:00,0.0,0.0,-1531235.8667566942
2023-06-04 04:15:00,0.0,0.0,-1535585.9571016955
2023-06-04 04:20:00,0.0,0.0,-1539318.672429149
2023-06-04 04:25:00,0.0,0.0,-1542878.3357599902
2023-06-04 04:30:00,0.0,0.0,-1546807.6961046862
2023-06-04 04:35:00,0.0,0.0,-1550950.753426616
2023-06-04 04:40:00,0.0,0.0,-1554488.267430624
2023-06-04 04:45:00,0.0,0.0,-1557986.395428976
2023-06-04 04:50:00,0.0,0.0,-1561825.1851013189
2023-06-04 04:55:00,0.0,0.0,-1566052.2657732652
2023-06-04 05:00:00,0.0,0.0,-1569822.2617754624
2023-06-04 05:05:00,0.0,0.0,-1573508.5914499925
2023-06-04 05:10:00,0.0,0.0,-1577538.6611211146
2023-06-04 05:15:00,0.0,0.0,-1581411.2604560857
2023-06-04 05:20:00,0.0,0.0,-1584883.493454743
2023-06-04 05:25:00,0.0,0.0,-1588209.5791219082
2023-06-04 05:30:00,0.0,0.0,-1591382.0841194158
2023-06-04 05:35:00,0.0,0.0,-1595411.8171173101
2023-06-04 05:40:00,0.0,0.0,-1598953.6937835698
2023-06-04 05:45:00,0.0,0.0,-1603136.3364524846
2023-06-04 05:50:00,0.0,0.0,-1607090.9597867334
2023-06-04 05:55:00,0.0,0.0,-1610302.8907880152
2023-06-04 06:00:00,0.0,0.0,-1613451.786128744
2023-06-04 06:05:00,0.0,0.0,-1616735.4934641526
2023-06-04 06:10:00,0.0,0.0,-1620837.6168332424
2023-06-04 06:15:00,0.0,0.0,-1625931.061825562
2023-06-04 06:20:00,0.0,0.0,-1631161.7244987492
2023-06-04 06:25:00,0.0,0.0,-1634244.581498973
2023-06-04 06:30:00,0.0,0.0,-1638742.3424901331
2023-06-04 06:35:00,0.0,0.0,-1643194.5658401493
2023-06-04 06:40:00,0.0,0.0,-1647871.7348398848
2023-06-04 06:45:00,0.0,0.0,-1651631.1018308008
2023-06-04 06:50:00,0.0,0.0,-1654821.1558341985
2023-06-04 06:55:00,0.0,0.0,-1659450.4958368943
2023-06-04 07:00:00,0.0,0.0,-1663357.721844483
2023-06-04 07:05:00,0.0,0.0,-1667555.9781689967
2023-06-04 07:10:00,0.0,0.0,-1671790.5515172328
2023-06-04 07:15:00,0.0,0.0,-1678215.1582036342
2023-06-04 07:20:00,0.0,0.0,-1683947.5712122605
2023-06-04 07:25:00,0.0,0.0,-1690391.192888642
2023-06-04 07:30:00,0.0,0.0,-1694459.0505605068
2023-06-04 07:35:00,0.0,0.0,-1697970.4385587063
2023-06-04 07:40:00,0.0,0.0,-1701666.4588974006
2023-06-04 07:45:00,0.0,0.0,-1705460.124904379
2023-06-04 07:50:00,0.0,0.0,-1709129.2102315275
2023-06-04 07:55:00,0.0,0.0,-1712933.5005622872
2023-06-04 08:00:00,0.0,0.0,-1717285.3668930063
2023-06-04 08:05:00,0.0,0.0,-1724300.0602269499
2023-06-04 08:10:00,0.0,0.0,-1731057.298568472
2023-06-04 08:15:00,0.0,0.0,-1736128.7945604967
2023-06-04 08:20:00,0.0,0.0,-1740375.3955513008
2023-06-04 08:25:00,0.0,0.0,-1744005.2732131965
2023-06-04 08:30:00,0.0,0.0,-1747636.791209158
2023-06-04 08:35:00,0.0,0.0,-1751069.6988792426
2023-06-04 08:40:00,0.0,0.0,-1754373.0328730273
2023-06-04 08:45:00,0.0,0.0,-1757825.9262074796
2023-06-04 08:50:00,0.0,0.0,-1761627.2622034715
2023-06-04 08:55:00,0.0,0.0,-1765117.1285319016
2023-06-04 09:00:00,0.0,0.0,-1768827.9951990768
2023-06-04 09:05:00,0.0,0.0,-1772035.8865303046
2023-06-04 09:10:00,0.0,0.0,-1775179.4581944789
2023-06-04 09:15:00,0.0,0.0,-1778254.6865338648
2023-06-04 09:20:00,0.0,0.0,-1781371.9725374863
2023-06-04 09:25:00,0.0,0.0,-1784508.8205441798
2023-06-04 09:30:00,0.0,0.0,-1787764.3758778896
2023-06-04 09:35:00,0.0,0.0,-1791154.6128613795
2023-06-04 09:40:00,0.0,0.0,-1794849.1975329088
2023-06-04 09:45:00,0.0,0.0,-1798486.0698600775
2023-06-04 09:50:00,0.0,0.0,-1802131.9821962998
2023-06-04 09:55:00,0.0,0.0,-1805738.4818662014
2023-06-04 10:00:00,0.0,0.0,-1809323.9452028917
2023-06-04 10:05:00,0.0,0.0,-1813420.9808708199
2023-06-04 10:10:00,0.0,0.0,-1818738.706868236
2023-06-04 10:15:00,0.0,0.0,-1826875.9688641874
2023-06-04 10:20:00,0.0,0.0,-1832893.1101854967
2023-06-04 10:25:00,0.0,0.0,-1838830.3711972563
2023-06-04 10:30:00,0.0,0.0,-1845336.4955340077
2023-06-04 10:35:00,0.0,0.0,-1850831.825519054
2023-06-04 10:40:00,0.0,0.0,-1857334.3148353584
2023-06-04 10:45:00,0.0,0.0,-1861426.698499299
2023-06-04 10:50:00,0.0,0.0,-1865203.3931587227
2023-06-04 10:55:00,0.0,0.0,-1868940.095827485
2023-06-04 11:00:00,0.0,0.0,-1872748.98849818
2023-06-04 11:05:00,0.0,0.0,-1876861.7868359892
2023-06-04 11:10:00,0.0,0.0,-1881810.422519176
2023-06-04 11:15:00,0.0,0.0,-1887760.1398485827
2023-06-04 11:20:00,0.0,0.0,-1892234.3181592312
2023-06-04 11:25:00,0.0,0.0,-1896996.7898020432
2023-06-04 11:30:00,0.0,0.0,-1901729.0878189092
2023-06-04 11:35:00,0.0,0.0,-1906117.9958071397
2023-06-04 11:40:00,0.0,0.0,-1910465.3701327012
2023-06-04 11:45:00,0.0,0.0,-1914447.865470887
2023-06-04 11:50:00,0.0,0.0,-1918320.0031356819
2023-06-04 11:55:00,0.0,0.0,-1922790.4631362923
2023-06-04 12:00:00,0.0,0.0,-1927788.7484776822
2023-06-04 12:05:00,0.0,0.0,-1932793.6094792692
2023-06-04 12:10:00,0.0,0.0,-1937540.0898142506
2023-06-04 12:15:00,0.0,0.0,-1944713.9761408498
2023-06-04 12:20:00,0.0,0.0,-1950579.430819703
2023-06-04 12:25:00,0.0,0.0,-1955253.0344919849
2023-06-04 12:30:00,0.0,0.0,-1959777.354163107
2023-06-04 12:35:00,0.0,0.0,-1965117.4565129606
2023-06-04 12:40:00,0.0,0.0,-1970889.6951833097
2023-06-04 12:45:00,0.0,0.0,-1976575.1885091155
2023-06-04 12:50:00,0.0,0.0,-1983512.9078613291
2023-06-04 12:55:00,0.0,0.0,-1988889.252524822
2023-06-04 13:00:00,0.0,0.0,-1996994.0035115571
2023-06-04 13:05:00,0.0,0.0,-2005330.0205179863
2023-06-04 13:10:00,0.0,0.0,-2013368.3145385755
2023-06-04 13:15:00,0.0,0.0,-2019549.7268737806
2023-06-04 13:20:00,0.0,0.0,-2028273.9871958427
2023-06-04 13:25:00,0.0,0.0,-2035542.7008616142
2023-06-04 13:30:00,0.0,0.0,-2041951.9635299696
2023-06-04 13:35:00,0.0,0.0,-2046564.838205466
2023-06-04 13:40:00,0.0,0.0,-2052933.4905446384
2023-06-04 13:45:00,0.0,0.0,-2057722.2008710238
2023-06-04 13:50:00,0.0,0.0,-2063980.6252057406
2023-06-04 13:55:00,0.0,0.0,-2069264.0632029227
2023-06-04 14:00:00,0.0,0.0,-2075095.9855392468
2023-06-04 14:05:00,0.0,0.0,-2079695.544542441
2023-06-04 14:10:00,0.0,0.0,-2084876.5705551158
2023-06-04 14:15:00,0.0,0.0,-2090321.8728734346
2023-06-04 14:20:00,0.0,0.0,-2094877.3945475272
2023-06-04 14:25:00,0.0,0.0,-2099251.745548504
2023-06-04 14:30:00,0.0,0.0,-2104619.4735473646
2023-06-04 14:35:00,0.0,0.0,-2110001.296546429
2023-06-04 14:40:00,0.0,0.0,-2115055.8455454526
2023-06-04 14:45:00,0.0,0.0,-2120482.5432067886
2023-06-04 14:50:00,0.0,0.0,-2125921.5562021905
2023-06-04 14:55:00,0.0,0.0,-2131335.7925359104
2023-06-04 15:00:00,0.0,0.0,-2137738.329538728
2023-06-04 15:05:00,0.0,0.0,-2143574.966526287
2023-06-04 15:10:00,0.0,0.0,-2150337.5695543936
2023-06-04 15:15:00,0.0,0.0,-2156960.1642178865
2023-06-04 15:20:00,0.0,0.0,-2164122.597203828
2023-06-04 15:25:00,0.0,0.0,-2171888.5805656444
2023-06-04 15:30:00,0.0,0.0,-2179098.1959225982
2023-06-04 15:35:00,0.0,0.0,-2186197.581968944
2023-06-04 15:40:00,0.0,0.0,-2191774.7152956654
2023-06-04 15:45:00,0.0,0.0,-2197457.6389750172
2023-06-04 15:50:00,0.0,0.0,-2204433.5323257456
2023-06-04 15:55:00,0.0,0.0,-2211780.1969963084
2023-06-04 16:00:00,0.0,0.0,-2219708.289654542
2023-06-04 16:05:00,0.0,0.0,-2228345.313690187
2023-06-04 16:10:00,0.0,0.0,-2236173.829009757
2023-06-04 16:15:00,0.0,0.0,-2243848.60965144
2023-06-04 16:20:00,0.0,0.0,-2249213.3300008154
2023-06-04 16:25:00,0.0,0.0,-2253892.6523259496
2023-06-04 16:30:00,0.0,0.0,-2258394.414323427
2023-06-04 16:35:00,0.0,0.0,-2263474.782987469
2023-06-04 16:40:00,0.0,0.0,-2269929.050306703
2023-06-04 16:45:00,0.0,0.0,-2276750.928987123
2023-06-04 16:50:00,0.0,0.0,-2286047.2873382582
2023-06-04 16:55:00,0.0,0.0,-2294888.093995668
2023-06-04 17:00:00,0.0,0.0,-2302339.543984987
2023-06-04 17:05:00,0.0,0.0,-2309864.595974733
2023-06-04 17:10:00,0.0,0.0,-2315997.623653159
2023-06-04 17:15:00,0.0,0.0,-2320950.0616488154
2023-06-04 17:20:00,0.0,0.0,-2328233.5076451637
2023-06-04 17:25:00,0.0,0.0,-2335387.9716522233
2023-06-04 17:30:00,0.0,0.0,-2340733.237647503
2023-06-04 17:35:00,0.0,0.0,-2345531.8813100196
2023-06-04 17:40:00,0.0,0.0,-2351142.4913060525
2023-06-04 17:45:00,0.0,0.0,-2355709.8152989727
2023-06-04 17:50:00,0.0,0.0,-2360327.0779607156
2023-06-04 17:55:00,0.0,0.0,-2364896.8083002744
2023-06-04 18:00:00,0.0,0.0,-2369516.5572949746
2023-06-04 18:05:00,0.0,0.0,-2374258.5086250324
2023-06-04 18:10:00,0.0,0.0,-2378977.008952079
2023-06-04 18:15:00,0.0,0.0,-2383660.0996182775
2023-06-04 18:20:00,0.0,0.0,-2388315.150271354
2023-06-04 18:25:00,0.0,0.0,-2392851.2639427204
2023-06-04 18:30:00,0.0,0.0,-2397448.0895988485
2023-06-04 18:35:00,0.0,0.0,-2402798.1189323445
2023-06-04 18:40:00,0.0,0.0,-2408169.2702720664
2023-06-04 18:45:00,0.0,0.0,-2413701.063276929
2023-06-04 18:50:00,0.0,0.0,-2419119.2836176576
2023-06-04 18:55:00,0.0,0.0,-2424692.6606145245
2023-06-04 19:00:00,0.0,0.0,-2430195.0956123373
2023-06-04 19:05:00,0.0,0.0,-2435458.248951215
2023-06-04 19:10:00,0.0,0.0,-2440738.2369522117
2023-06-04 19:15:00,0.0,0.0,-2446144.889286298
2023-06-04 19:20:00,0.0,0.0,-2451333.3429634115
2023-06-04 19:25:00,0.0,0.0,-2456579.7726381957
2023-06-04 19:30:00,0.0,0.0,-2461730.2066403725
2023-06-04 19:35:00,0.0,0.0,-2466940.8606274943
2023-06-04 19:40:00,0.0,0.0,-2472084.52161484
2023-06-04 19:45:00,0.0,0.0,-2478051.4136024495
2023-06-04 19:50:00,0.0,0.0,-2483879.6262598694
2023-06-04 19:55:00,0.0,0.0,-2489796.240948997
2023-06-04 20:00:00,0.0,0.0,-2494604.681276705
2023-06-04 20:05:00,0.0,0.0,-2499583.170604708
2023-06-04 20:10:00,0.0,0.0,-2504419.476945498
2023-06-04 20:15:00,0.0,0.0,-2509129.9292831444
2023-06-04 20:20:00,0.0,0.0,-2513830.3086252874
2023-06-04 20:25:00,0.0,0.0,-2518490.8426122055
2023-06-04 20:30:00,0.0,0.0,-2523759.8296127347
2023-06-04 20:35:00,0.0,0.0,-2529386.230258436
2023-06-04 20:40:00,0.0,0.0,-2534414.0265925117
2023-06-04 20:45:00,0.0,0.0,-2539739.8422686285
2023-06-04 20:50:00,0.0,0.0,-2544323.224260206
2023-06-04 20:55:00,0.0,0.0,-2549040.772598015
2023-06-04 21:00:00,0.0,0.0,-2553768.8712720266
2023-06-04 21:05:00,0.0,0.0,-2558841.157280226
2023-06-04 21:10:00,0.0,0.0,-2563896.287944797
2023-06-04 21:15:00,0.0,0.0,-2568572.4769411758
2023-06-04 21:20:00,0.0,0.0,-2573241.6682848646
2023-06-04 21:25:00,0.0,0.0,-2577574.0232760147
2023-06-04 21:30:00,0.0,0.0,-2581824.264274092
2023-06-04 21:35:00,0.0,0.0,-2586033.37561773
2023-06-04 21:40:00,0.0,0.0,-2590182.2902949047
2023-06-04 21:45:00,0.0,0.0,-2594208.6702939384
2023-06-04 21:50:00,0.0,0.0,-2598211.8752985667
2023-06-04 21:55:00,0.0,0.0,-2602127.072976433
2023-06-04 22:00:00,0.0,0.0,-2606009.0703097056
2023-06-04 22:05:00,0.0,0.0,-2609882.447308607
2023-06-04 22:10:00,0.0,0.0,-2613761.57498627
2023-06-04 22:15:00,0.0,0.0,-2617640.2116531404
2023-06-04 22:20:00,0.0,0.0,-2621614.906983442
2023-06-04 22:25:00,0.0,0.0,-2625618.009651187
2023-06-04 22:30:00,0.0,0.0,-2629591.4449824044
2023-06-04 22:35:00,0.0,0.0,-2633742.9206451443
2023-06-04 22:40:00,0.0,0.0,-2638207.421988935
2023-06-04 22:45:00,0.0,0.0,-2642614.9479853343
2023-06-04 22:50:00,0.0,0.0,-2649209.5196540863
2023-06-04 22:55:00,0.0,0.0,-2655436.065971123
2023-06-04 23:00:00,0.0,0.0,-2661784.0586357145
2023-06-04 23:05:00,0.0,0.0,-2667044.901633965
2023-06-04 23:10:00,0.0,0.0,-2670661.549636081
2023-06-04 23:15:00,0.0,0.0,-2674650.483304853
2023-06-04 23:20:00,0.0,0.0,-2678183.8842969285
2023-06-04 23:25:00,0.0,0.0,-2681537.074961093
2023-06-04 23:30:00,0.0,0.0,-2684671.6646390306
2023-06-04 23:35:00,0.0,0.0,-2687740.148634087
2023-06-04 23:40:00,0.0,0.0,-2690918.018632256
2023-06-04 23:45:00,0.0,0.0,-2694003.469966637
2023-06-04 23:50:00,0.0,0.0,-2696966.411636864
2023-06-04 23:55:00,0.0,0.0,-2700082.828307854
2023-06-05 00:00:00,0.0,0.0,-2703343.6799794543
2023-06-05 00:05:00,0.0,0.0,-2706696.4833068876
2023-06-05 00:10:00,0.0,0.0,-2710161.577313744
2023-06-05 00:15:00,0.0,0.0,-2713660.6643163073
2023-06-05 00:20:00,0.0,0.0,-2717030.898310855
2023-06-05 00:25:00,0.0,0.0,-2720309.4323117603
2023-06-05 00:30:00,0.0,0.0,-2723498.676310224
2023-06-05 00:35:00,0.0,0.0,-2726568.253645836
2023-06-05 00:40:00,0.0,0.0,-2729580.054977165
2023-06-05 00:45:00,0.0,0.0,-2732666.869314323
2023-06-05 00:50:00,0.0,0.0,-2735704.5769729638
2023-06-05 00:55:00,0.0,0.0,-2738854.894309237
2023-06-05 01:00:00,0.0,0.0,-2741888.3509737677
2023-06-05 01:05:00,0.0,0.0,-2744945.631303408
2023-06-05 01:10:00,0.0,0.0,-2747911.5763033573
2023-06-05 01:15:00,0.0,0.0,-2750843.744973503
2023-06-05 01:20:00,0.0,0.0,-2753826.3903124514
2023-06-05 01:25:00,0.0,0.0,-2756924.7676498434
2023-06-05 01:30:00,0.0,0.0,-2760247.9706540448
2023-06-05 01:35:00,0.0,0.0,-2763661.709324394
2023-06-05 01:40:00,0.0,0.0,-2766948.9936553976
2023-06-05 01:45:00,0.0,0.0,-2770254.0856503826
2023-06-05 01:50:00,0.0,0.0,-2773671.929647575
2023-06-05 01:55:00,0.0,0.0,-2777122.4263099693
2023-06-05 02:00:00,0.0,0.0,-2780594.6453193687
2023-06-05 02:05:00,0.0,0.0,-2783845.1819933597
2023-06-05 02:10:00,0.0,0.0,-2786999.185327405
2023-06-05 02:15:00,0.0,0.0,-2790189.9896619185
2023-06-05 02:20:00,0.0,0.0,-2793409.668335472
2023-06-05 02:25:00,0.0,0.0,-2796664.962667086
2023-06-05 02:30:00,0.0,0.0,-2799973.4243357363
2023-06-05 02:35:00,0.0,0.0,-2803209.148002627
2023-06-05 02:40:00,0.0,0.0,-2806548.472332766
2023-06-05 02:45:00,0.0,0.0,-2809863.7423283914
2023-06-05 02:50:00,0.0,0.0,-2813179.2003283203
2023-06-05 02:55:00,0.0,0.0,-2816403.058659365
2023-06-05 03:00:00,0.0,0.0,-2819553.3333279947
2023-06-05 03:05:00,0.0,0.0,-2822622.9503255226
2023-06-05 03:10:00,0.0,0.0,-2825830.7759938575
2023-06-05 03:15:00,0.0,0.0,-2829368.4446680723
2023-06-05 03:20:00,0.0,0.0,-2832891.619340008
2023-06-05 03:25:00,0.0,0.0,-2836448.0680091875
2023-06-05 03:30:00,0.0,0.0,-2839819.844680279
2023-06-05 03:35:00,0.0,0.0,-2842913.6890210486
2023-06-05 03:40:00,0.0,0.0,-2846026.9413500484
2023-06-05 03:45:00,0.0,0.0,-2849449.3116854364
2023-06-05 03:50:00,0.0,0.0,-2852635.2533592237
2023-06-05 03:55:00,0.0,0.0,-2855976.096030427
2023-06-05 04:00:00,0.0,0.0,-2859677.307364147
2023-06-05 04:05:00,0.0,0.0,-2863601.123033398
2023-06-05 04:10:00,0.0,0.0,-2867126.886359407
2023-06-05 04:15:00,0.0,0.0,-2871140.1870196043
2023-06-05 04:20:00,0.0,0.0,-2874813.4760327674
2023-06-05 04:25:00,0.0,0.0,-2878654.3283749917
2023-06-05 04:30:00,0.0,0.0,-2881982.2343732216
2023-06-05 04:35:00,0.0,0.0,-2885177.8240445475
2023-06-05 04:40:00,0.0,0.0,-2888372.4623771687
2023-06-05 04:45:00,0.0,0.0,-2891602.110707603
2023-06-05 04:50:00,0.0,0.0,-2894829.4093737304
2023-06-05 04:55:00,0.0,0.0,-2898130.0020406106
2023-06-05 05:00:00,0.0,0.0,-2902343.577363334
2023-06-05 05:05:00,0.0,0.0,-2907896.4836949687
2023-06-05 05:10:00,0.0,0.0,-2914200.483683016
2023-06-05 05:15:00,0.0,0.0,-2919705.2166936263
2023-06-05 05:20:00,0.0,0.0,-2926011.8083663965
2023-06-05 05:25:00,0.0,0.0,-2932559.5630264306
2023-06-05 05:30:00,0.0,0.0,-2939105.7833707198
2023-06-05 05:35:00,0.0,0.0,-2944934.8266761806
2023-06-05 05:40:00,0.0,0.0,-2952082.344995883
2023-06-05 05:45:00,0.0,0.0,-2959106.2523020455
2023-06-05 05:50:00,0.0,0.0,-2967039.711943057
2023-06-05 05:55:00,0.0,0.0,-2971796.1299596177
2023-06-05 06:00:00,0.0,0.0,-2975714.209304558
2023-06-05 06:05:00,0.0,0.0,-2979460.1649571764
2023-06-05 06:10:00,0.0,0.0,-2982834.783294172
2023-06-05 06:15:00,0.0,0.0,-2987223.457961022
2023-06-05 06:20:00,0.0,0.0,-2994636.2739451122
2023-06-05 06:25:00,0.0,0.0,-3003090.252937066
2023-06-05 06:30:00,0.0,0.0,-3010784.206263482
2023-06-05 06:35:00,0.0,0.0,-3016732.851277164
2023-06-05 06:40:00,0.0,0.0,-3021670.852604679
2023-06-05 06:45:00,0.0,0.0,-3027113.42861125
2023-06-05 06:50:00,0.0,0.0,-3032145.8842735323
2023-06-05 06:55:00,0.0,0.0,-3036404.1409406057
2023-06-05 07:00:00,0.0,0.0,-3040253.8619407685
2023-06-05 07:05:00,0.0,0.0,-3044008.019604241
2023-06-05 07:10:00,0.0,0.0,-3047631.442266849
2023-06-05 07:15:00,0.0,0.0,-3051373.094604241
2023-06-05 07:20:00,0.0,0.0,-3055018.41060181
2023-06-05 07:25:00,0.0,0.0,-3058993.7585899387
2023-06-05 07:30:00,0.0,0.0,-3062669.576254276
2023-06-05 07:35:00,0.0,0.0,-3066330.254581201
2023-06-05 07:40:00,0.0,0.0,-3071153.2412511227
2023-06-05 07:45:00,0.0,0.0,-3075806.341588342
2023-06-05 07:50:00,0.0,0.0,-3079830.420924127
2023-06-05 07:55:00,0.0,0.0,-3083854.240914158
2023-06-05 08:00:00,0.0,0.0,-3087895.472252405
2023-06-05 08:05:00,0.0,0.0,-3091802.220582839
2023-06-05 08:10:00,0.0,0.0,-3095575.0379193667
2023-06-05 08:15:00,0.0,0.0,-3100146.863578038
2023-06-05 08:20:00,0.0,0.0,-3104966.9709111573
2023-06-05 08:25:00,0.0,0.0,-3110700.7912506144
2023-06-05 08:30:00,0.0,0.0,-3117044.6525805197
2023-06-05 08:35:00,0.0,0.0,-3123129.8382466678
2023-06-05 08:40:00,0.0,0.0,-3129673.7925987286
2023-06-05 08:45:00,0.0,0.0,-3135594.893583429
2023-06-05 08:50:00,0.0,0.0,-3141402.258228052
2023-06-05 08:55:00,0.0,0.0,-3147132.8772377055
2023-06-05 09:00:00,0.0,0.0,-3153386.0008911174
2023-06-05 09:05:00,0.0,0.0,-3159861.6672129356
2023-06-05 09:10:00,0.0,0.0,-3165216.308200332
2023-06-05 09:15:00,0.0,0.0,-3169674.4962033634
2023-06-05 09:20:00,0.0,0.0,-3173817.083546452
2023-06-05 09:25:00,0.0,0.0,-3178077.1332191513
2023-06-05 09:30:00,0.0,0.0,-3182906.319875849
2023-06-05 09:35:00,0.0,0.0,-3188014.690547185
2023-06-05 09:40:00,0.0,0.0,-3192514.275208033
2023-06-05 09:45:00,0.0,0.0,-3197108.31154099
2023-06-05 09:50:00,0.0,0.0,-3201859.015545405
2023-06-05 09:55:00,0.0,0.0,-3206718.6352071175
2023-06-05 10:00:00,0.0,0.0,-3210984.315215052
2023-06-05 10:05:00,0.0,0.0,-3215246.0465553333
2023-06-05 10:10:00,0.0,0.0,-3219610.664206192
2023-06-05 10:15:00,0.0,0.0,-3223887.2975354563
2023-06-05 10:20:00,0.0,0.0,-3228057.835536962
2023-06-05 10:25:00,0.0,0.0,-3232259.919864151
2023-06-05 10:30:00,0.0,0.0,-3236309.284548447
2023-06-05 10:35:00,0.0,0.0,-3240632.065209712
2023-06-05 10:40:00,0.0,0.0,-3246134.08054098
2023-06-05 10:45:00,0.0,0.0,-3251127.566199753
2023-06-05 10:50:00,0.0,0.0,-3258408.990197759
2023-06-05 10:55:00,0.0,0.0,-3264122.225188197
2023-06-05 11:00:00,0.0,0.0,-3269976.914187373
2023-06-05 11:05:00,0.0,0.0,-3275002.1095161494
2023-06-05 11:10:00,0.0,0.0,-3280249.9811782893
2023-06-05 11:15:00,0.0,0.0,-3286997.2298423825
2023-06-05 11:20:00,0.0,0.0,-3294194.7071439163
2023-06-05 11:25:00,0.0,0.0,-3301224.6957857823
2023-06-05 11:30:00,0.0,0.0,-3307886.4064702406
2023-06-05 11:35:00,0.0,0.0,-3315513.216134903
2023-06-05 11:40:00,0.0,0.0,-3323105.907473251
2023-06-05 11:45:00,0.0,0.0,-3333832.8408086193
2023-06-05 11:50:00,0.0,0.0,-3344547.5554842683
2023-06-05 11:55:00,0.0,0.0,-3354055.371438604
2023-06-05 12:00:00,0.0,0.0,-3363669.0751187694
2023-06-05 12:05:00,0.0,0.0,-3373039.8387591094
2023-06-05 12:10:00,0.0,0.0,-3379299.417751826
2023-06-05 12:15:00,0.0,0.0,-3385045.115746821
2023-06-05 12:20:00,0.0,0.0,-3390672.0383923897
2023-06-05 12:25:00,0.0,0.0,-3396013.825052139
2023-06-05 12:30:00,0.0,0.0,-3402924.5870643663
2023-06-05 12:35:00,0.0,0.0,-3410164.559748591
2023-06-05 12:40:00,0.0,0.0,-3415877.8220990547
2023-06-05 12:45:00,0.0,0.0,-3420797.629089869
2023-06-05 12:50:00,0.0,0.0,-3426142.0430763294
2023-06-05 12:55:00,0.0,0.0,-3432405.4584350637
2023-06-05 13:00:00,0.0,0.0,-3436814.087432612
2023-06-05 13:05:00,0.0,0.0,-3441702.442102056
2023-06-05 13:10:00,0.0,0.0,-3446697.7001047824
2023-06-05 13:15:00,0.0,0.0,-3453043.793085485
2023-06-05 13:20:00,0.0,0.0,-3460658.2917668717
2023-06-05 13:25:00,0.0,0.0,-3467641.9527343805
2023-06-05 13:30:00,0.0,0.0,-3474838.3830658016
2023-06-05 13:35:00,0.0,0.0,-3482324.4694188493
2023-06-05 13:40:00,0.0,0.0,-3489990.999750779
2023-06-05 13:45:00,0.0,0.0,-3497804.897769171
2023-06-05 13:50:00,0.0,0.0,-3504321.1621053116
2023-06-05 13:55:00,0.0,0.0,-3510195.5254442906
2023-06-05 14:00:00,0.0,0.0,-3515955.5347770746
2023-06-05 14:05:00,0.0,0.0,-3521697.8784192456
2023-06-05 14:10:00,0.0,0.0,-3529117.874400589
2023-06-05 14:15:00,0.0,0.0,-3537370.718399816
2023-06-05 14:20:00,0.0,0.0,-3548104.560746516
2023-06-05 14:25:00,0.0,0.0,-3556147.468727371
2023-06-05 14:30:00,0.0,0.0,-3563410.103405004
2023-06-05 14:35:00,0.0,0.0,-3570334.952744807
2023-06-05 14:40:00,0.0,0.0,-3576435.761090856
2023-06-05 14:45:00,0.0,0.0,-3582889.465735886
2023-06-05 14:50:00,0.0,0.0,-3590148.0824007723
2023-06-05 14:55:00,0.0,0.0,-3599369.0607419387
2023-06-05 15:00:00,0.0,0.0,-3608600.827071386
2023-06-05 15:05:00,0.0,0.0,-3618670.5867434237
2023-06-05 15:10:00,0.0,0.0,-3627015.2364128167
2023-06-05 15:15:00,0.0,0.0,-3636003.668715673
2023-06-05 15:20:00,0.0,0.0,-3644298.203715266
2023-06-05 15:25:00,0.0,0.0,-3653397.8340443983
2023-06-05 15:30:00,0.0,0.0,-3660936.30670726
2023-06-05 15:35:00,0.0,0.0,-3669378.909055588
2023-06-05 15:40:00,0.0,0.0,-3677966.1947362316
2023-06-05 15:45:00,0.0,0.0,-3684743.128411616
2023-06-05 15:50:00,0.0,0.0,-3691188.7157323253
2023-06-05 15:55:00,0.0,0.0,-3699647.3170812023
2023-06-05 16:00:00,0.0,0.0,-3709923.917735296
2023-06-05 16:05:00,0.0,0.0,-3721874.701074224
2023-06-05 16:10:00,0.0,0.0,-3733228.849699916
2023-06-05 16:15:00,0.0,0.0,-3742899.2500188244
2023-06-05 16:20:00,0.0,0.0,-3751753.0183817595
2023-06-05 16:25:00,0.0,0.0,-3760291.159059657
2023-06-05 16:30:00,0.0,0.0,-3768424.3014124604
2023-06-05 16:35:00,0.0,0.0,-3775975.5527323456
2023-06-05 16:40:00,0.0,0.0,-3783157.085395818
2023-06-05 16:45:00,0.0,0.0,-3790497.526734421
2023-06-05 16:50:00,0.0,0.0,-3799088.3260940607
2023-06-05 16:55:00,0.0,0.0,-3805903.7320851698
2023-06-05 17:00:00,0.0,0.0,-3810899.5074284924
2023-06-05 17:05:00,0.0,0.0,-3817329.0007456513
2023-06-05 17:10:00,0.0,0.0,-3825921.1957158456
2023-06-05 17:15:00,0.0,0.0,-3836029.04240418
2023-06-05 17:20:00,0.0,0.0,-3844956.92770666
2023-06-05 17:25:00,0.0,0.0,-3851187.6863782294
2023-06-05 17:30:00,0.0,0.0,-3858162.4143862454
2023-06-05 17:35:00,0.0,0.0,-3863012.2170428005
2023-06-05 17:40:00,0.0,0.0,-3868590.9947286015
2023-06-05 17:45:00,0.0,0.0,-3873988.9450711613
2023-06-05 17:50:00,0.0,0.0,-3878530.4933916773
2023-06-05 17:55:00,0.0,0.0,-3884798.5177220707
2023-06-05 18:00:00,0.0,0.0,-3892523.6207250003
2023-06-05 18:05:00,0.0,0.0,-3899312.303736119
2023-06-05 18:10:00,0.0,0.0,-3906833.993417363
2023-06-05 18:15:00,0.0,0.0,-3912990.390444697
2023-06-05 18:20:00,0.0,0.0,-3918716.2947893827
2023-06-05 18:25:00,0.0,0.0,-3925432.3544850717
2023-06-05 18:30:00,0.0,0.0,-3932696.3331075083
2023-06-05 18:35:00,0.0,0.0,-3939794.927765406
2023-06-05 18:40:00,0.0,0.0,-3946068.1390950573
2023-06-05 18:45:00,0.0,0.0,-3952010.0440938366
2023-06-05 18:50:00,0.0,0.0,-3957014.081759649
2023-06-05 18:55:00,0.0,0.0,-3962057.0220944774
2023-06-05 19:00:00,0.0,0.0,-3967170.3620684356
2023-06-05 19:05:00,0.0,0.0,-3972047.999076594
2023-06-05 19:10:00,0.0,0.0,-3976990.8204078726
2023-06-05 19:15:00,0.0,0.0,-3981900.81641185
2023-06-05 19:20:00,0.0,0.0,-3986698.603749344
2023-06-05 19:25:00,0.0,0.0,-3991675.4924166417
2023-06-05 19:30:00,0.0,0.0,-3996939.6404243526
2023-06-05 19:35:00,0.0,0.0,-4002252.5214210567
2023-06-05 19:40:00,0.0,0.0,-4007265.2534278925
2023-06-05 19:45:00,0.0,0.0,-4012262.1774248816
2023-06-05 19:50:00,0.0,0.0,-4017549.5081072547
2023-06-05 19:55:00,0.0,0.0,-4023683.9980878253
2023-06-05 20:00:00,0.0,0.0,-4030133.2360989945
2023-06-05 20:05:00,0.0,0.0,-4035608.1460919753
2023-06-05 20:10:00,0.0,0.0,-4041212.479097245
2023-06-05 20:15:00,0.0,0.0,-4046285.5260874485
2023-06-05 20:20:00,0.0,0.0,-4051183.045756536
2023-06-05 20:25:00,0.0,0.0,-4055901.669752762
2023-06-05 20:30:00,0.0,0.0,-4060411.9200729425
2023-06-05 20:35:00,0.0,0.0,-4064831.288084163
2023-06-05 20:40:00,0.0,0.0,-4069322.296089432
2023-06-05 20:45:00,0.0,0.0,-4073835.9574269666
2023-06-05 20:50:00,0.0,0.0,-4078695.7244181368
2023-06-05 20:55:00,0.0,0.0,-4085501.153437302
2023-06-05 21:00:00,0.0,0.0,-4092191.30709636
2023-06-05 21:05:00,0.0,0.0,-4098544.480109157
2023-06-05 21:10:00,0.0,0.0,-4104522.8037770647
2023-06-05 21:15:00,0.0,0.0,-4110271.9997568824
2023-06-05 21:20:00,0.0,0.0,-4114851.5647588153
2023-06-05 21:25:00,0.0,0.0,-4119388.5974278827
2023-06-05 21:30:00,0.0,0.0,-4123630.489432023
2023-06-05 21:35:00,0.0,0.0,-4128151.2644317686
2023-06-05 21:40:00,0.0,0.0,-4132870.159088395
2023-06-05 21:45:00,0.0,0.0,-4137264.497748317
2023-06-05 21:50:00,0.0,0.0,-4141617.1004163167
2023-06-05 21:55:00,0.0,0.0,-4146100.5914060017
2023-06-05 22:00:00,0.0,0.0,-4150405.158736171
2023-06-05 22:05:00,0.0,0.0,-4154769.830393479
2023-06-05 22:10:00,0.0,0.0,-4158988.904720058
2023-06-05 22:15:00,0.0,0.0,-4162898.8563789427
2023-06-05 22:20:00,0.0,0.0,-4166790.831704718
2023-06-05 22:25:00,0.0,0.0,-4170683.0393618327
2023-06-05 22:30:00,0.0,0.0,-4174576.2380363527
2023-06-05 22:35:00,0.0,0.0,-4178520.3830368104
2023-06-05 22:40:00,0.0,0.0,-4182349.908362077
2023-06-05 22:45:00,0.0,0.0,-4186183.076356004
2023-06-05 22:50:00,0.0,0.0,-4190020.555682125
2023-06-05 22:55:00,0.0,0.0,-4193987.993009955
2023-06-05 23:00:00,0.0,0.0,-4197664.243348446
2023-06-05 23:05:00,0.0,0.0,-4201405.717686469
2023-06-05 23:10:00,0.0,0.0,-4205121.933353685
2023-06-05 23:15:00,0.0,0.0,-4208885.8123596255
2023-06-05 23:20:00,0.0,0.0,-4212609.808027909
2023-06-05 23:25:00,0.0,0.0,-4216207.989365902
2023-06-05 23:30:00,0.0,0.0,-4219730.222703304
2023-06-05 23:35:00,0.0,0.0,-4223422.122368882
2023-06-05 23:40:00,0.0,0.0,-4227006.157035834
2023-06-05 23:45:00,0.0,0.0,-4230443.447362524
2023-06-05 23:50:00,0.0,0.0,-4233784.789362595
2023-06-05 23:55:00,0.0,0.0,-4237091.320352942
